date,soybean_oil_usd_mt,maize_usd_mt,wheat_usd_mt,dap_fertiliser_usd_mt,mop_potash_usd_mt,wheat_usd_mt_mom_pct,wheat_usd_mt_yoy_pct,maize_usd_mt_mom_pct,maize_usd_mt_yoy_pct,soybean_oil_usd_mt_mom_pct,soybean_oil_usd_mt_yoy_pct,dap_fertiliser_usd_mt_mom_pct,dap_fertiliser_usd_mt_yoy_pct,mop_potash_usd_mt_mom_pct,mop_potash_usd_mt_yoy_pct,dap_to_wheat_ratio,fertiliser_composite_idx
1960-01-31,204.0,45.0,59.89,,28.5,,,,,,,,,,,,28.5
1960-02-29,201.0,44.0,60.99,,28.5,1.837,,-2.222,,-1.471,,,,0.0,,,28.5
1960-03-31,201.0,45.0,61.73,,28.5,1.213,,2.273,,0.0,,,,0.0,,,28.5
1960-04-30,207.0,45.0,60.99,,28.5,-1.199,,0.0,,2.985,,,,0.0,,,28.5
1960-05-31,209.0,48.0,57.69,,28.5,-5.411,,6.667,,0.966,,,,0.0,,,28.5
1960-06-30,218.0,47.0,55.48,,28.5,-3.831,,-2.083,,4.306,,,,0.0,,,28.5
1960-07-31,224.0,47.0,54.75,,28.5,-1.316,,0.0,,2.752,,,,0.0,,,28.5
1960-08-31,237.0,47.0,55.12,,28.5,0.676,,0.0,,5.804,,,,0.0,,,28.5
1960-09-30,231.0,46.0,56.59,,28.5,2.667,,-2.128,,-2.532,,,,0.0,,,28.5
1960-10-31,237.0,42.0,56.95,,28.5,0.636,,-8.696,,2.597,,,,0.0,,,28.5
1960-11-30,259.0,38.0,57.69,,28.5,1.299,,-9.524,,9.283,,,,0.0,,,28.5
1960-12-31,259.0,40.0,58.05,,28.5,0.624,,5.263,,0.0,,,,0.0,,,28.5
1961-01-31,278.0,43.0,58.79,,30.0,1.275,-1.837,7.5,-4.444,7.336,36.275,,,5.263,5.263,,30.0
1961-02-28,303.0,44.0,59.16,,30.0,0.629,-3.0,2.326,0.0,8.993,50.746,,,0.0,5.263,,30.0
1961-03-31,311.0,44.0,58.05,,30.0,-1.876,-5.961,0.0,-2.222,2.64,54.726,,,0.0,5.263,,30.0
1961-04-30,322.0,43.0,57.32,,30.0,-1.258,-6.017,-2.273,-4.444,3.537,55.556,,,0.0,5.263,,30.0
1961-05-31,314.0,45.0,55.85,,30.0,-2.565,-3.189,4.651,-6.25,-2.484,50.239,,,0.0,5.263,,30.0
1961-06-30,295.0,44.0,54.38,,30.0,-2.632,-1.983,-2.222,-6.383,-6.051,35.321,,,0.0,5.263,,30.0
1961-07-31,282.0,45.0,56.59,,30.0,4.064,3.361,2.273,-4.255,-4.407,25.893,,,0.0,5.263,,30.0
1961-08-31,276.0,44.0,58.79,,30.0,3.888,6.658,-2.222,-6.383,-2.128,16.456,,,0.0,5.263,,30.0
1961-09-30,267.0,43.0,59.89,,30.0,1.871,5.831,-2.273,-6.522,-3.261,15.584,,,0.0,5.263,,30.0
1961-10-31,270.0,47.64,60.26,,30.0,0.618,5.812,10.791,13.429,1.124,13.924,,,0.0,5.263,,30.0
1961-11-30,265.0,48.42,61.73,,30.0,2.439,7.003,1.637,27.421,-1.852,2.317,,,0.0,5.263,,30.0
1961-12-31,265.0,48.42,62.46,,30.0,1.183,7.597,0.0,21.05,0.0,2.317,,,0.0,5.263,,30.0
1962-01-31,265.0,48.03,60.63,,30.0,-2.93,3.13,-0.805,11.698,0.0,-4.676,,,0.0,0.0,,30.0
1962-02-28,259.0,48.03,61.36,,30.0,1.204,3.719,0.0,9.159,-2.264,-14.521,,,0.0,0.0,,30.0
1962-03-31,256.0,48.82,61.73,,30.0,0.603,6.339,1.645,10.955,-1.158,-17.685,,,0.0,0.0,,30.0
1962-04-30,254.0,48.82,62.1,,30.0,0.599,8.339,0.0,13.535,-0.781,-21.118,,,0.0,0.0,,30.0
1962-05-31,234.0,49.6,63.57,,30.0,2.367,13.823,1.598,10.222,-7.874,-25.478,,,0.0,0.0,,30.0
1962-06-30,215.0,49.6,64.3,,30.0,1.148,18.242,0.0,12.727,-8.12,-27.119,,,0.0,0.0,,30.0
1962-07-31,198.0,48.82,65.4,,30.0,1.711,15.568,-1.573,8.489,-7.907,-29.787,,,0.0,0.0,,30.0
1962-08-31,198.0,47.24,66.51,,30.0,1.697,13.131,-3.236,7.364,0.0,-28.261,,,0.0,0.0,,30.0
1962-09-30,198.0,47.64,65.77,,30.0,-1.113,9.818,0.847,10.791,0.0,-25.843,,,0.0,0.0,,30.0
1962-10-31,212.0,47.64,64.3,,30.0,-2.235,6.704,0.0,0.0,7.071,-21.481,,,0.0,0.0,,30.0
1962-11-30,220.0,48.42,68.71,,30.0,6.858,11.307,1.637,0.0,3.774,-16.981,,,0.0,0.0,,30.0
1962-12-31,215.0,51.18,67.61,,30.0,-1.601,8.245,5.7,5.7,-2.273,-18.868,,,0.0,0.0,,30.0
1963-01-31,223.0,52.75,67.24,,30.0,-0.547,10.902,3.068,9.827,3.721,-15.849,,,0.0,0.0,,30.0
1963-02-28,231.0,53.15,68.34,,30.0,1.636,11.375,0.758,10.66,3.587,-10.811,,,0.0,0.0,,30.0
1963-03-31,229.0,52.36,69.45,,30.0,1.624,12.506,-1.486,7.251,-0.866,-10.547,,,0.0,0.0,,30.0
1963-04-30,229.0,51.97,70.92,,30.0,2.117,14.203,-0.745,6.452,0.0,-9.843,,,0.0,0.0,,30.0
1963-05-31,231.0,52.36,67.61,,30.0,-4.667,6.355,0.75,5.565,0.873,-1.282,,,0.0,0.0,,30.0
1963-06-30,231.0,55.51,58.42,,30.0,-13.593,-9.145,6.016,11.915,0.0,7.442,,,0.0,0.0,,30.0
1963-07-31,229.0,56.69,57.69,,30.0,-1.25,-11.789,2.126,16.12,-0.866,15.657,,,0.0,0.0,,30.0
1963-08-31,207.0,55.51,58.42,,30.0,1.265,-12.164,-2.081,17.506,-9.607,4.545,,,0.0,0.0,,30.0
1963-09-30,204.0,55.9,60.63,,30.0,3.783,-7.815,0.703,17.338,-1.449,3.03,,,0.0,0.0,,30.0
1963-10-31,234.0,53.15,65.04,,30.0,7.274,1.151,-4.919,11.566,14.706,10.377,,,0.0,0.0,,30.0
1963-11-30,223.0,52.36,65.04,,30.0,0.0,-5.341,-1.486,8.137,-4.701,1.364,,,0.0,0.0,,30.0
1963-12-31,212.0,53.54,65.04,,30.0,0.0,-3.801,2.254,4.611,-4.933,-1.395,,,0.0,0.0,,30.0
1964-01-31,215.0,55.12,64.04,,32.5,-1.538,-4.759,2.951,4.493,1.415,-3.587,,,8.333,8.333,,32.5
1964-02-29,209.0,52.75,66.14,,32.5,3.279,-3.219,-4.3,-0.753,-2.791,-9.524,,,0.0,8.333,,32.5
1964-03-31,209.0,54.33,66.87,,32.5,1.104,-3.715,2.995,3.762,0.0,-8.734,,,0.0,8.333,,32.5
1964-04-30,204.0,55.51,67.61,,32.5,1.107,-4.667,2.172,6.812,-2.392,-10.917,,,0.0,8.333,,32.5
1964-05-31,215.0,55.9,69.45,,32.5,2.721,2.721,0.703,6.761,5.392,-6.926,,,0.0,8.333,,32.5
1964-06-30,212.0,56.3,65.04,,32.5,-6.35,11.332,0.716,1.423,-1.395,-8.225,,,0.0,8.333,,32.5
1964-07-31,209.0,55.9,68.71,,32.5,5.643,19.102,-0.71,-1.394,-1.415,-8.734,,,0.0,8.333,,32.5
1964-08-31,223.0,54.72,68.71,,32.5,0.0,17.614,-2.111,-1.423,6.699,7.729,,,0.0,8.333,,32.5
1964-09-30,243.0,55.12,69.08,,32.5,0.538,13.937,0.731,-1.395,8.969,19.118,,,0.0,8.333,,32.5
1964-10-31,270.0,52.8,68.71,,32.5,-0.536,5.643,-4.209,-0.659,11.111,15.385,,,0.0,8.333,,32.5
1964-11-30,270.0,52.8,67.98,,32.5,-1.062,4.52,0.0,0.84,0.0,21.076,,,0.0,8.333,,32.5
1964-12-31,317.0,54.33,67.98,,32.5,0.0,4.52,2.898,1.476,17.407,49.528,,,0.0,8.333,,32.5
1965-01-31,284.0,55.9,66.14,,29.5,-2.707,3.279,2.89,1.415,-10.41,32.093,,,-9.231,-9.231,,29.5
1965-02-28,303.0,56.69,61.36,,29.5,-7.227,-7.227,1.413,7.469,6.69,44.976,,,0.0,-9.231,,29.5
1965-03-31,300.0,57.08,60.99,,29.5,-0.603,-8.793,0.688,5.062,-0.99,43.541,,,0.0,-9.231,,29.5
1965-04-30,295.0,57.48,59.89,,29.5,-1.804,-11.418,0.701,3.549,-1.667,44.608,,,0.0,-9.231,,29.5
1965-05-31,256.0,58.66,59.16,,29.5,-1.219,-14.816,2.053,4.937,-13.22,19.07,,,0.0,-9.231,,29.5
1965-06-30,256.0,58.26,58.05,,29.5,-1.876,-10.747,-0.682,3.481,0.0,20.755,,,0.0,-9.231,,29.5
1965-07-31,248.0,56.69,57.32,,29.5,-1.258,-16.577,-2.695,1.413,-3.125,18.66,,,0.0,-9.231,,29.5
1965-08-31,234.0,55.12,57.69,,29.5,0.645,-16.038,-2.769,0.731,-5.645,4.933,,,0.0,-9.231,,29.5
1965-09-30,248.0,53.93,58.42,,29.5,1.265,-15.431,-2.159,-2.159,5.983,2.058,,,0.0,-9.231,,29.5
1965-10-31,284.0,51.57,58.05,,29.5,-0.633,-15.514,-4.376,-2.33,14.516,5.185,,,0.0,-9.231,,29.5
1965-11-30,276.0,51.57,58.05,,29.5,0.0,-14.607,0.0,-2.33,-2.817,2.222,,,0.0,-9.231,,29.5
1965-12-31,256.0,55.12,58.42,,29.5,0.637,-14.063,6.884,1.454,-7.246,-19.243,,,0.0,-9.231,,29.5
1966-01-31,267.0,57.08,58.42,,27.5,0.0,-11.672,3.556,2.111,4.297,-5.986,,,-6.78,-6.78,,27.5
1966-02-28,273.0,57.08,58.79,,27.5,0.633,-4.188,0.0,0.688,2.247,-9.901,,,0.0,-6.78,,27.5
1966-03-31,265.0,55.51,58.79,,27.5,0.0,-3.607,-2.751,-2.751,-2.93,-11.667,,,0.0,-6.78,,27.5
1966-04-30,267.0,55.9,58.79,,27.5,0.0,-1.837,0.703,-2.749,0.755,-9.492,,,0.0,-6.78,,27.5
1966-05-31,256.0,55.12,58.79,,27.5,0.0,-0.625,-1.395,-6.035,-4.12,0.0,,,0.0,-6.78,,27.5
1966-06-30,256.0,57.08,62.1,,27.5,5.63,6.977,3.556,-2.025,0.0,0.0,,,0.0,-6.78,,27.5
1966-07-31,267.0,59.05,65.4,,27.5,5.314,14.096,3.451,4.163,4.297,7.661,,,0.0,-6.78,,27.5
1966-08-31,276.0,62.6,67.61,,27.5,3.379,17.195,6.012,13.57,3.371,17.949,,,0.0,-6.78,,27.5
1966-09-30,267.0,61.02,67.24,,27.5,-0.547,15.098,-2.524,13.147,-3.261,7.661,,,0.0,-6.78,,27.5
1966-10-31,251.0,58.66,66.14,,27.5,-1.636,13.936,-3.868,13.748,-5.993,-11.62,,,0.0,-6.78,,27.5
1966-11-30,248.0,59.05,65.77,,27.5,-0.559,13.299,0.665,14.505,-1.195,-10.145,,,0.0,-6.78,,27.5
1966-12-31,245.0,61.41,67.61,,27.5,2.798,15.731,3.997,11.411,-1.21,-4.297,,,0.0,-6.78,,27.5
1967-01-31,231.0,60.23,67.24,68.5,25.5,-0.547,15.098,-1.922,5.519,-5.714,-13.483,,,-7.273,-7.273,1.019,47.0
1967-02-28,225.0,59.05,67.98,68.5,25.5,1.101,15.632,-1.959,3.451,-2.597,-17.582,0.0,,0.0,-7.273,1.008,47.0
1967-03-31,231.0,59.05,69.81,68.5,25.5,2.692,18.745,0.0,6.377,2.667,-12.83,0.0,,0.0,-7.273,0.981,47.0
1967-04-30,227.0,57.87,68.34,68.5,25.5,-2.106,16.244,-1.998,3.524,-1.732,-14.981,0.0,,0.0,-7.273,1.002,47.0
1967-05-31,224.0,57.08,68.34,68.5,25.5,0.0,16.244,-1.365,3.556,-1.322,-12.5,0.0,,0.0,-7.273,1.002,47.0
1967-06-30,226.0,57.08,66.51,68.5,25.5,-2.678,7.101,0.0,0.0,0.893,-11.719,0.0,,0.0,-7.273,1.03,47.0
1967-07-31,212.0,55.12,64.67,68.5,25.5,-2.767,-1.116,-3.434,-6.655,-6.195,-20.599,0.0,,0.0,-7.273,1.059,47.0
1967-08-31,210.0,51.97,63.93,68.5,25.5,-1.144,-5.443,-5.715,-16.981,-0.943,-23.913,0.0,,0.0,-7.273,1.071,47.0
1967-09-30,206.0,49.21,63.2,68.5,25.5,-1.142,-6.008,-5.311,-19.354,-1.905,-22.846,0.0,,0.0,-7.273,1.084,47.0
1967-10-31,203.0,48.03,63.57,68.5,25.5,0.585,-3.886,-2.398,-18.121,-1.456,-19.124,0.0,,0.0,-7.273,1.078,47.0
1967-11-30,211.0,47.64,62.83,68.5,25.5,-1.164,-4.47,-0.812,-19.323,3.941,-14.919,0.0,,0.0,-7.273,1.09,47.0
1967-12-31,196.0,46.9,62.1,68.5,25.5,-1.162,-8.15,-1.553,-23.628,-7.109,-20.0,0.0,,0.0,-7.273,1.103,47.0
1968-01-31,196.0,51.57,62.1,60.5,24.0,0.0,-7.644,9.957,-14.378,0.0,-15.152,-11.679,-11.679,-5.882,-5.882,0.974,42.25
1968-02-29,193.0,51.18,62.83,60.5,24.0,1.176,-7.576,-0.756,-13.328,-1.531,-14.222,0.0,-11.679,0.0,-5.882,0.963,42.25
1968-03-31,191.0,50.0,63.57,60.5,24.0,1.178,-8.939,-2.306,-15.326,-1.036,-17.316,0.0,-11.679,0.0,-5.882,0.952,42.25
1968-04-30,190.0,48.03,61.73,60.5,24.0,-2.894,-9.672,-3.94,-17.004,-0.524,-16.3,0.0,-11.679,0.0,-5.882,0.98,42.25
1968-05-31,189.0,48.42,60.26,60.5,24.0,-2.381,-11.823,0.812,-15.172,-0.526,-15.625,0.0,-11.679,0.0,-5.882,1.004,42.25
1968-06-30,178.0,47.64,61.73,60.5,24.0,2.439,-7.187,-1.611,-16.538,-5.82,-21.239,0.0,-11.679,0.0,-5.882,0.98,42.25
1968-07-31,162.0,47.24,63.57,60.5,24.0,2.981,-1.701,-0.84,-14.296,-8.989,-23.585,0.0,-11.679,0.0,-5.882,0.952,42.25
1968-08-31,157.0,44.88,63.93,60.5,24.0,0.566,0.0,-4.996,-13.642,-3.086,-25.238,0.0,-11.679,0.0,-5.882,0.946,42.25
1968-09-30,161.0,44.09,63.57,60.5,24.0,-0.563,0.585,-1.76,-10.404,2.548,-21.845,0.0,-11.679,0.0,-5.882,0.952,42.25
1968-10-31,166.0,44.88,63.57,60.5,24.0,0.0,0.0,1.792,-6.558,3.106,-18.227,0.0,-11.679,0.0,-5.882,0.952,42.25
1968-11-30,173.0,49.21,63.2,60.5,24.0,-0.582,0.589,9.648,3.296,4.217,-18.009,0.0,-11.679,0.0,-5.882,0.957,42.25
1968-12-31,181.0,48.42,63.2,60.5,24.0,0.0,1.771,-1.605,3.241,4.624,-7.653,0.0,-11.679,0.0,-5.882,0.957,42.25
1969-01-31,181.0,50.39,63.2,58.0,22.0,0.0,1.771,4.069,-2.288,0.0,-7.653,-4.132,-4.132,-8.333,-8.333,0.918,40.0
1969-02-28,185.0,50.39,62.83,58.0,22.0,-0.585,0.0,0.0,-1.544,2.21,-4.145,0.0,-4.132,0.0,-8.333,0.923,40.0
1969-03-31,178.0,50.39,62.1,58.0,22.0,-1.162,-2.312,0.0,0.78,-3.784,-6.806,0.0,-4.132,0.0,-8.333,0.934,40.0
1969-04-30,167.0,51.57,62.1,58.0,22.0,0.0,0.599,2.342,7.37,-6.18,-12.105,0.0,-4.132,0.0,-8.333,0.934,40.0
1969-05-31,170.0,54.33,62.1,58.0,22.0,0.0,3.053,5.352,12.206,1.796,-10.053,0.0,-4.132,0.0,-8.333,0.934,40.0
1969-06-30,173.0,54.33,61.73,58.0,22.0,-0.596,0.0,0.0,14.043,1.765,-2.809,0.0,-4.132,0.0,-8.333,0.94,40.0
1969-07-31,180.0,53.93,60.26,58.0,22.0,-2.381,-5.207,-0.736,14.162,4.046,11.111,0.0,-4.132,0.0,-8.333,0.962,40.0
1969-08-31,181.0,53.54,56.22,58.0,22.0,-6.704,-12.06,-0.723,19.296,0.556,15.287,0.0,-4.132,0.0,-8.333,1.032,40.0
1969-09-30,200.0,51.18,53.65,58.0,22.0,-4.571,-15.605,-4.408,16.081,10.497,24.224,0.0,-4.132,0.0,-8.333,1.081,40.0
1969-10-31,240.0,51.87,52.18,58.0,22.0,-2.74,-17.917,1.348,15.575,20.0,44.578,0.0,-4.132,0.0,-8.333,1.112,40.0
1969-11-30,260.0,53.16,52.18,58.0,22.0,0.0,-17.437,2.487,8.027,8.333,50.289,0.0,-4.132,0.0,-8.333,1.112,40.0
1969-12-31,251.0,52.36,52.18,58.0,22.0,0.0,-17.437,-1.505,8.137,-3.462,38.674,0.0,-4.132,0.0,-8.333,1.112,40.0
1970-01-31,252.0,58.4,52.18,54.0,31.5,0.0,-17.437,11.536,15.896,0.398,39.227,-6.897,-6.897,43.182,43.182,1.035,42.75
1970-02-28,257.0,58.4,52.18,54.0,31.5,0.0,-16.951,0.0,15.896,1.984,38.919,0.0,-6.897,0.0,43.182,1.035,42.75
1970-03-31,268.0,58.4,52.18,54.0,31.5,0.0,-15.974,0.0,15.896,4.28,50.562,0.0,-6.897,0.0,43.182,1.035,42.75
1970-04-30,298.0,58.4,52.18,54.0,31.5,0.0,-15.974,0.0,13.244,11.194,78.443,0.0,-6.897,0.0,43.182,1.035,42.75
1970-05-31,292.0,58.4,52.18,54.0,31.5,0.0,-15.974,0.0,7.491,-2.013,71.765,0.0,-6.897,0.0,43.182,1.035,42.75
1970-06-30,288.0,58.4,52.18,54.0,31.5,0.0,-15.471,0.0,7.491,-1.37,66.474,0.0,-6.897,0.0,43.182,1.035,42.75
1970-07-31,290.0,58.4,52.54,54.0,31.5,0.69,-12.811,0.0,8.289,0.694,61.111,0.0,-6.897,0.0,43.182,1.028,42.75
1970-08-31,270.0,58.4,54.01,54.0,31.5,2.798,-3.931,0.0,9.077,-6.897,49.171,0.0,-6.897,0.0,43.182,1.0,42.75
1970-09-30,276.0,58.4,56.22,54.0,31.5,4.092,4.79,0.0,14.107,2.222,38.0,0.0,-6.897,0.0,43.182,0.961,42.75
1970-10-31,304.0,58.4,58.79,54.0,31.5,4.571,12.668,0.0,12.589,10.145,26.667,0.0,-6.897,0.0,43.182,0.919,42.75
1970-11-30,330.0,58.4,60.99,54.0,31.5,3.742,16.884,0.0,9.857,8.553,26.923,0.0,-6.897,0.0,43.182,0.885,42.75
1970-12-31,311.0,58.4,63.2,54.0,31.5,3.624,21.119,0.0,11.536,-5.758,23.904,0.0,-6.897,0.0,43.182,0.854,42.75
1971-01-31,309.0,58.4,63.57,57.5,32.5,0.585,21.828,0.0,0.0,-0.643,22.619,6.481,6.481,3.175,3.175,0.905,45.0
1971-02-28,297.0,58.4,63.57,57.5,32.5,0.0,21.828,0.0,0.0,-3.883,15.564,0.0,6.481,0.0,3.175,0.905,45.0
1971-03-31,300.0,58.4,62.83,57.5,32.5,-1.164,20.41,0.0,0.0,1.01,11.94,0.0,6.481,0.0,3.175,0.915,45.0
1971-04-30,292.0,58.4,62.46,57.5,32.5,-0.589,19.701,0.0,0.0,-2.667,-2.013,0.0,6.481,0.0,3.175,0.921,45.0
1971-05-31,293.0,58.4,63.2,57.5,32.5,1.185,21.119,0.0,0.0,0.342,0.342,0.0,6.481,0.0,3.175,0.91,45.0
1971-06-30,310.0,58.4,61.36,57.5,32.5,-2.911,17.593,0.0,0.0,5.802,7.639,0.0,6.481,0.0,3.175,0.937,45.0
1971-07-31,336.0,58.4,61.36,66.0,32.5,0.0,16.787,0.0,0.0,8.387,15.862,14.783,22.222,0.0,3.175,1.076,49.25
1971-08-31,335.0,58.4,60.99,66.0,32.5,-0.603,12.924,0.0,0.0,-0.298,24.074,0.0,22.222,0.0,3.175,1.082,49.25
1971-09-30,296.0,58.4,60.99,66.0,32.5,0.0,8.485,0.0,0.0,-11.642,7.246,0.0,22.222,0.0,3.175,1.082,49.25
1971-10-31,305.0,58.4,60.26,66.0,32.5,-1.197,2.5,0.0,0.0,3.041,0.329,0.0,22.222,0.0,3.175,1.095,49.25
1971-11-30,301.0,58.4,60.26,66.0,32.5,0.0,-1.197,0.0,0.0,-1.311,-8.788,0.0,22.222,0.0,3.175,1.095,49.25
1971-12-31,271.0,58.4,59.89,66.0,32.5,-0.614,-5.237,0.0,0.0,-9.967,-12.862,0.0,22.222,0.0,3.175,1.102,49.25
1972-01-31,249.0,51.33,59.89,83.0,33.5,0.0,-5.789,-12.106,-12.106,-8.118,-19.417,25.758,44.348,3.077,3.077,1.386,58.25
1972-02-29,246.0,51.72,59.89,83.0,33.5,0.0,-5.789,0.76,-11.438,-1.205,-17.172,0.0,44.348,0.0,3.077,1.386,58.25
1972-03-31,258.0,52.51,59.89,83.0,33.5,0.0,-4.679,1.527,-10.086,4.878,-14.0,0.0,44.348,0.0,3.077,1.386,58.25
1972-04-30,272.0,53.68,60.26,83.0,33.5,0.618,-3.522,2.228,-8.082,5.426,-6.849,0.0,44.348,0.0,3.077,1.377,58.25
1972-05-31,252.0,54.48,60.26,83.0,33.5,0.0,-4.652,1.49,-6.712,-7.353,-13.993,0.0,44.348,0.0,3.077,1.377,58.25
1972-06-30,234.0,52.9,59.89,83.0,33.5,-0.614,-2.396,-2.9,-9.418,-7.143,-24.516,0.0,44.348,0.0,3.077,1.386,58.25
1972-07-31,226.0,54.07,60.26,99.0,33.5,0.618,-1.793,2.212,-7.414,-3.419,-32.738,19.277,50.0,0.0,3.077,1.643,66.25
1972-08-31,223.0,55.66,62.1,99.0,33.5,3.053,1.82,2.941,-4.692,-1.327,-33.433,0.0,50.0,0.0,3.077,1.594,66.25
1972-09-30,225.0,59.2,76.06,99.0,33.5,22.48,24.709,6.36,1.37,0.897,-23.986,0.0,50.0,0.0,3.077,1.302,66.25
1972-10-31,228.0,57.22,87.45,99.0,33.5,14.975,45.121,-3.345,-2.021,1.333,-25.246,0.0,50.0,0.0,3.077,1.132,66.25
1972-11-30,240.0,59.2,88.92,99.0,33.5,1.681,47.561,3.46,1.37,5.263,-20.266,0.0,50.0,0.0,3.077,1.113,66.25
1972-12-31,234.0,67.06,102.88,99.0,33.5,15.7,71.782,13.277,14.829,-2.5,-13.653,0.0,50.0,0.0,3.077,0.962,66.25
1973-01-31,239.0,79.13,108.39,105.0,42.5,5.356,80.982,17.999,54.159,2.137,-4.016,6.061,26.506,26.866,26.866,0.969,73.75
1973-02-28,291.0,81.1,98.84,105.0,42.5,-8.811,65.036,2.49,56.806,21.757,18.293,0.0,26.506,0.0,26.866,1.062,73.75
1973-03-31,311.0,79.92,98.47,105.0,42.5,-0.374,64.418,-1.455,52.2,6.873,20.543,0.0,26.506,0.0,26.866,1.066,73.75
1973-04-30,333.0,77.77,101.05,105.0,42.5,2.62,67.69,-2.69,44.877,7.074,22.426,0.0,26.506,0.0,26.866,1.039,73.75
1973-05-31,373.0,88.97,102.15,105.0,42.5,1.089,69.515,14.401,63.308,12.012,48.016,0.0,26.506,0.0,26.866,1.028,73.75
1973-06-30,455.0,101.17,108.39,105.0,42.5,6.109,80.982,13.712,91.248,21.984,94.444,0.0,26.506,0.0,26.866,0.969,73.75
1973-07-31,550.0,109.44,114.64,132.5,42.5,5.766,90.242,8.174,102.404,20.879,143.363,26.19,33.838,0.0,26.866,1.156,87.5
1973-08-31,548.0,122.43,192.54,132.5,42.5,67.952,210.048,11.87,119.96,-0.364,145.74,0.0,33.838,0.0,26.866,0.688,87.5
1973-09-30,508.0,107.08,189.6,132.5,42.5,-1.527,149.277,-12.538,80.878,-7.299,125.778,0.0,33.838,0.0,26.866,0.699,87.5
1973-10-31,531.0,106.39,182.25,132.5,42.5,-3.877,108.405,-0.644,85.931,4.528,132.895,0.0,33.838,0.0,26.866,0.727,87.5
1973-11-30,490.0,107.87,181.88,132.5,42.5,-0.203,104.543,1.391,82.213,-7.721,104.167,0.0,33.838,0.0,26.866,0.729,87.5
1973-12-31,603.0,112.59,199.52,132.5,42.5,9.699,93.935,4.376,67.894,23.061,157.692,0.0,33.838,0.0,26.866,0.664,87.5
1974-01-31,665.0,112.28,213.48,215.0,53.0,6.997,96.955,-0.275,41.893,10.282,178.243,62.264,104.762,24.706,24.706,1.007,134.0
1974-02-28,780.0,131.1,220.46,232.5,55.0,3.27,123.047,16.762,61.652,17.293,168.041,8.14,121.429,3.774,29.412,1.055,143.75
1974-03-31,711.0,126.37,190.7,262.5,55.0,-13.499,93.663,-3.608,58.121,-8.846,128.617,12.903,150.0,0.0,29.412,1.377,158.75
1974-04-30,660.0,114.17,162.04,293.8,55.0,-15.029,60.356,-9.654,46.805,-7.173,98.198,11.924,179.81,0.0,29.412,1.813,174.4
1974-05-31,775.0,113.7,141.46,301.3,55.0,-12.701,38.483,-0.412,27.796,17.424,107.775,2.553,186.952,0.0,29.412,2.13,178.15
1974-06-30,788.0,116.63,155.79,339.5,57.0,10.13,43.731,2.577,15.281,1.677,73.187,12.678,223.333,3.636,34.118,2.179,198.25
1974-07-31,872.0,132.28,169.02,358.1,58.0,8.492,47.435,13.419,20.87,10.66,58.545,5.479,170.264,1.754,36.471,2.119,208.05
1974-08-31,922.0,145.82,167.55,365.0,62.0,-0.87,-12.979,10.236,19.105,5.734,68.248,1.927,175.472,6.897,45.882,2.178,213.5
1974-09-30,933.0,141.43,170.49,405.0,66.0,1.755,-10.079,-3.011,32.079,1.193,83.661,10.959,205.66,6.452,55.294,2.376,235.5
1974-10-31,1045.0,151.57,192.17,405.0,70.0,12.716,5.443,7.17,42.466,12.004,96.798,0.0,205.66,6.061,64.706,2.108,237.5
1974-11-30,943.0,144.09,187.39,405.0,70.0,-2.487,3.029,-4.935,33.577,-9.761,92.449,0.0,205.66,0.0,64.706,2.161,237.5
1974-12-31,892.0,145.27,185.92,408.75,70.0,-0.784,-6.816,0.819,29.026,-5.408,47.927,0.926,208.491,0.0,64.706,2.199,239.38
1975-01-31,775.0,131.73,164.24,396.0,70.0,-11.661,-23.065,-9.321,17.323,-13.117,16.541,-3.119,84.186,0.0,32.075,2.411,233.0
1975-02-28,661.0,120.47,153.22,383.0,70.0,-6.71,-30.5,-8.548,-8.108,-14.71,-15.256,-3.283,64.731,0.0,27.273,2.5,226.5
1975-03-31,622.0,120.17,147.34,363.0,88.0,-3.838,-22.737,-0.249,-4.906,-5.9,-12.518,-5.222,38.286,25.714,60.0,2.464,225.5
1975-04-30,624.0,119.66,140.36,307.0,88.0,-4.737,-13.379,-0.424,4.809,0.322,-5.455,-15.427,4.493,0.0,60.0,2.187,197.5
1975-05-31,516.0,114.52,131.54,242.0,89.0,-6.284,-7.013,-4.296,0.721,-17.308,-33.419,-21.173,-19.681,1.136,61.818,1.84,165.5
1975-06-30,525.0,119.1,127.13,194.0,88.0,-3.353,-18.397,3.999,2.118,1.744,-33.376,-19.835,-42.857,-1.124,54.386,1.526,141.0
1975-07-31,578.0,119.82,145.14,181.0,85.0,14.167,-14.129,0.605,-9.419,10.095,-33.716,-6.701,-49.455,-3.409,46.552,1.247,133.0
1975-08-31,599.0,131.56,162.77,185.0,85.0,12.147,-2.853,9.798,-9.779,3.633,-35.033,2.21,-49.315,0.0,37.097,1.137,135.0
1975-09-30,551.0,122.31,165.71,192.0,84.0,1.806,-2.804,-7.031,-13.519,-8.013,-40.943,3.784,-52.593,-1.176,27.273,1.159,138.0
1975-10-31,495.0,116.87,161.67,162.0,78.0,-2.438,-15.871,-4.448,-22.894,-10.163,-52.632,-15.625,-60.0,-7.143,11.429,1.002,120.0
1975-11-30,423.0,110.26,146.97,150.0,76.0,-9.093,-21.57,-5.656,-23.478,-14.545,-55.143,-7.407,-62.963,-2.564,8.571,1.021,113.0
1975-12-31,391.0,109.15,142.57,155.0,75.0,-2.994,-23.316,-1.007,-24.864,-7.565,-56.166,3.333,-62.08,-1.316,7.143,1.087,115.0
1976-01-31,385.0,110.26,143.67,130.0,70.0,0.772,-12.524,1.017,-16.298,-1.535,-50.323,-16.129,-67.172,-6.667,0.0,0.905,100.0
1976-02-29,390.0,113.24,152.85,125.0,56.0,6.39,-0.241,2.703,-6.001,1.299,-40.998,-3.846,-67.363,-20.0,-20.0,0.818,90.5
1976-03-31,399.0,113.06,152.49,126.0,56.0,-0.236,3.495,-0.159,-5.917,2.308,-35.852,0.8,-65.289,0.0,-36.364,0.826,91.0
1976-04-30,384.0,111.1,145.5,113.0,55.0,-4.584,3.662,-1.734,-7.154,-3.759,-38.462,-10.317,-63.192,-1.786,-37.5,0.777,84.0
1976-05-31,370.0,118.2,141.83,104.0,53.0,-2.522,7.823,6.391,3.213,-3.646,-28.295,-7.965,-57.025,-3.636,-40.449,0.733,78.5
1976-06-30,408.0,121.8,146.24,100.0,53.0,3.109,15.032,3.046,2.267,10.27,-22.286,-3.846,-48.454,0.0,-39.773,0.684,76.5
1976-07-31,457.0,121.3,142.2,120.0,55.0,-2.763,-2.026,-0.411,1.235,12.01,-20.934,20.0,-33.702,3.774,-35.294,0.844,87.5
1976-08-31,456.0,116.1,126.4,125.0,53.0,-11.111,-22.344,-4.287,-11.751,-0.219,-23.873,4.167,-32.432,-3.636,-37.647,0.989,89.0
1976-09-30,505.0,115.0,119.78,140.0,53.0,-5.237,-27.717,-0.947,-5.977,10.746,-8.348,12.0,-27.083,0.0,-36.905,1.169,96.5
1976-10-31,495.0,106.2,111.33,128.0,55.0,-7.055,-31.138,-7.652,-9.13,-1.98,0.0,-8.571,-20.988,3.774,-29.487,1.15,91.5
1976-11-30,506.0,98.7,106.56,115.0,54.0,-4.285,-27.495,-7.062,-10.484,2.222,19.622,-10.156,-23.333,-1.818,-28.947,1.079,84.5
1976-12-31,505.0,103.5,106.19,113.0,53.0,-0.347,-25.517,4.863,-5.176,-0.198,29.156,-1.739,-27.097,-1.852,-29.333,1.064,83.0
1977-01-31,502.0,111.6,108.76,130.0,54.5,2.42,-24.299,7.826,1.215,-0.594,30.39,15.044,0.0,2.83,-22.143,1.195,92.25
1977-02-28,553.0,110.6,110.6,133.0,54.5,1.692,-27.641,-0.896,-2.331,10.159,41.795,2.308,6.4,0.0,-2.679,1.203,93.75
1977-03-31,630.0,108.0,106.92,137.0,54.5,-3.327,-29.884,-2.351,-4.475,13.924,57.895,3.008,8.73,0.0,-2.679,1.281,95.75
1977-04-30,782.0,105.8,102.15,134.0,54.5,-4.461,-29.794,-2.037,-4.77,24.127,103.646,-2.19,18.584,0.0,-0.909,1.312,94.25
1977-05-31,741.0,100.9,94.8,129.0,54.3,-7.195,-33.159,-4.631,-14.636,-5.243,100.27,-3.731,24.038,-0.367,2.453,1.361,91.65
1977-06-30,666.0,94.5,92.96,133.0,55.0,-1.941,-36.433,-6.343,-22.414,-10.121,63.235,3.101,33.0,1.289,3.774,1.431,94.0
1977-07-31,548.0,85.0,96.64,133.0,55.0,3.959,-32.039,-10.053,-29.926,-17.718,19.912,0.0,10.833,0.0,0.0,1.376,94.0
1977-08-31,498.0,76.9,95.53,143.0,55.1,-1.149,-24.422,-9.529,-33.764,-9.124,9.211,7.519,14.4,0.182,3.962,1.497,99.05
1977-09-30,512.0,78.3,99.94,148.0,56.625,4.616,-16.564,1.821,-31.913,2.811,1.386,3.497,5.714,2.768,6.84,1.481,102.31
1977-10-31,490.0,83.2,103.98,138.0,57.5,4.042,-6.602,6.258,-21.657,-4.297,-1.01,-6.757,7.812,1.545,4.545,1.327,97.75
1977-11-30,500.0,93.4,111.7,123.0,56.0,7.425,4.824,12.26,-5.37,2.041,-1.186,-10.87,6.957,-2.609,3.704,1.101,89.5
1977-12-31,541.0,96.0,114.64,128.0,56.0,2.632,7.957,2.784,-7.246,8.2,7.129,4.065,13.274,0.0,5.66,1.117,92.0
1978-01-31,522.0,95.8,114.27,138.0,56.0,-0.323,5.066,-0.208,-14.158,-3.512,3.984,7.812,6.154,0.0,2.752,1.208,97.0
1978-02-28,534.0,101.0,115.74,138.0,56.0,1.286,4.647,5.428,-8.68,2.299,-3.436,0.0,3.759,0.0,2.752,1.192,97.0
1978-03-31,629.0,106.1,124.19,137.0,56.0,7.301,16.152,5.05,-1.759,17.79,-0.159,-0.725,0.0,0.0,2.752,1.103,96.5
1978-04-30,624.0,111.5,130.81,131.0,56.0,5.331,28.057,5.09,5.388,-0.795,-20.205,-4.38,-2.239,0.0,2.752,1.001,93.5
1978-05-31,657.0,112.69,124.56,128.0,56.0,-4.778,31.392,1.067,11.685,5.288,-11.336,-2.29,-0.775,0.0,3.131,1.028,92.0
1978-06-30,631.0,106.55,126.4,130.0,56.0,1.477,35.972,-5.449,12.751,-3.957,-5.255,1.562,-2.256,0.0,1.818,1.028,93.0
1978-07-31,586.0,97.26,127.13,137.0,57.0,0.578,31.55,-8.719,14.424,-7.132,6.934,5.385,3.008,1.786,3.636,1.078,97.0
1978-08-31,587.0,92.02,127.5,143.0,58.5,0.291,33.466,-5.388,19.662,0.171,17.871,4.38,0.0,2.632,6.171,1.122,100.75
1978-09-30,630.0,90.99,130.81,151.5,63.125,2.596,30.889,-1.119,16.207,7.325,23.047,5.944,2.365,7.906,11.479,1.158,107.31
1978-10-31,637.0,95.94,137.42,151.5,63.5,5.053,32.16,5.44,15.312,1.111,30.0,0.0,9.783,0.594,10.435,1.102,107.5
1978-11-30,620.0,100.54,137.79,151.5,65.0,0.269,23.357,4.795,7.645,-2.669,24.0,0.0,23.171,2.362,16.071,1.099,108.25
1978-12-31,627.0,98.52,136.32,141.5,65.0,-1.067,18.911,-2.009,2.625,1.129,15.896,-6.601,10.547,0.0,16.071,1.038,103.25
1979-01-31,616.0,105.41,137.79,153.0,65.0,1.078,20.583,6.994,10.031,-1.754,18.008,8.127,10.87,0.0,16.071,1.11,109.0
1979-02-28,653.0,107.01,140.36,157.5,64.5,1.865,21.272,1.518,5.95,6.006,22.285,2.941,14.13,-0.769,15.179,1.122,111.0
1979-03-31,669.0,109.52,139.99,162.5,65.5,-0.264,12.722,2.346,3.223,2.45,6.359,3.175,18.613,1.55,16.964,1.161,114.0
1979-04-30,648.0,111.49,139.99,164.0,70.0,0.0,7.018,1.799,-0.009,-3.139,3.846,0.923,25.191,6.87,25.0,1.172,117.0
1979-05-31,636.0,112.57,143.3,162.0,70.0,2.364,15.045,0.969,-0.106,-1.852,-3.196,-1.22,26.562,0.0,25.0,1.13,116.0
1979-06-30,673.0,120.35,167.92,175.5,71.25,17.181,32.848,6.911,12.952,5.818,6.656,8.333,35.0,1.786,27.232,1.045,123.38
1979-07-31,690.0,130.51,174.53,187.5,77.0,3.936,37.285,8.442,34.187,2.526,17.747,6.838,36.861,8.07,35.088,1.074,132.25
1979-08-31,682.2,118.85,169.02,207.5,79.0,-3.157,32.565,-8.934,29.157,-1.13,16.218,10.667,45.105,2.597,35.043,1.228,143.25
1979-09-30,691.0,117.96,174.16,215.0,80.125,3.041,33.14,-0.749,29.641,1.29,9.683,3.614,41.914,1.424,26.931,1.234,147.56
1979-10-31,671.0,119.1,178.21,247.5,83.5,2.325,29.683,0.966,24.14,-2.894,5.338,15.116,63.366,4.212,31.496,1.389,165.5
1979-11-30,670.0,118.2,178.21,242.0,83.5,0.0,29.334,-0.756,17.565,-0.149,8.065,-2.222,59.736,0.0,28.462,1.358,162.75
1979-12-31,647.0,115.3,180.04,246.0,108.25,1.027,32.072,-2.453,17.032,-3.433,3.19,1.653,73.852,29.641,66.538,1.366,177.12
1980-01-31,609.0,105.4,175.63,257.0,106.5,-2.449,27.462,-8.586,-0.009,-5.873,-1.136,4.472,67.974,-1.617,63.846,1.463,181.75
1980-02-29,610.0,113.9,172.7,257.5,106.5,-1.668,23.041,8.065,6.439,0.164,-6.585,0.195,63.492,0.0,65.116,1.491,182.0
1980-03-31,580.0,110.4,163.51,260.5,106.5,-5.321,16.801,-3.073,0.804,-4.918,-13.303,1.165,60.308,0.0,62.595,1.593,183.5
1980-04-30,552.0,108.2,156.53,202.5,106.5,-4.269,11.815,-1.993,-2.951,-4.828,-14.815,-22.265,23.476,0.0,52.143,1.294,154.5
1980-05-31,562.0,110.0,161.3,211.0,106.5,3.047,12.561,1.664,-2.283,1.812,-11.635,4.198,30.247,0.0,52.143,1.308,158.75
1980-06-30,570.0,113.6,157.63,212.5,106.5,-2.275,-6.128,3.273,-5.609,1.423,-15.305,0.711,21.083,0.0,49.474,1.348,159.5
1980-07-31,635.0,128.9,168.65,215.0,106.5,6.991,-3.369,13.468,-1.234,11.404,-7.971,1.176,14.667,0.0,38.312,1.275,160.75
1980-08-31,636.0,143.45,171.23,215.0,106.5,1.53,1.308,11.288,20.698,0.157,-6.772,0.0,3.614,0.0,34.81,1.256,160.75
1980-09-30,615.0,140.8,179.68,205.0,106.5,4.935,3.169,-1.847,19.362,-3.302,-10.999,-4.651,-4.651,0.0,32.917,1.141,155.75
1980-10-31,592.0,140.4,188.13,202.5,106.5,4.703,5.566,-0.284,17.884,-3.74,-11.773,-1.22,-18.182,0.0,27.545,1.076,154.5
1980-11-30,639.0,146.6,195.11,214.0,106.5,3.71,9.483,4.416,24.027,7.939,-4.627,5.679,-11.57,0.0,27.545,1.097,160.25
1980-12-31,571.3,141.5,182.62,214.0,106.5,-6.402,1.433,-3.479,22.723,-10.595,-11.7,0.0,-13.008,0.0,-1.617,1.172,160.25
1981-01-31,545.0,148.81,189.6,227.5,115.0,3.822,7.954,5.166,41.186,-4.604,-10.509,6.308,-11.479,7.981,7.981,1.2,171.25
1981-02-28,516.0,143.3,181.51,226.0,115.0,-4.267,5.101,-3.703,25.812,-5.321,-15.41,-0.659,-12.233,0.0,7.981,1.245,170.5
1981-03-31,535.0,142.13,175.27,207.5,115.0,-3.438,7.192,-0.816,28.741,3.682,-7.759,-8.186,-20.345,0.0,7.981,1.184,161.25
1981-04-30,531.2,145.5,180.41,193.0,70.0,2.933,15.256,2.371,34.473,-0.71,-3.768,-6.988,-4.691,-39.13,-34.272,1.07,131.5
1981-05-31,511.0,141.3,171.59,195.5,115.0,-4.889,6.379,-2.887,28.455,-3.803,-9.075,1.295,-7.346,64.286,7.981,1.139,155.25
1981-06-30,512.0,136.1,168.65,190.0,115.0,-1.713,6.991,-3.68,19.806,0.196,-10.175,-2.813,-10.588,0.0,7.981,1.127,152.5
1981-07-31,530.0,137.56,167.92,177.5,116.5,-0.433,-0.433,1.073,6.718,3.516,-16.535,-6.579,-17.442,1.304,9.39,1.057,147.0
1981-08-31,506.0,127.11,170.12,179.5,116.5,1.31,-0.648,-7.597,-11.391,-4.528,-20.44,1.127,-16.512,0.0,9.39,1.055,148.0
1981-09-30,485.0,115.5,171.23,130.0,116.5,0.652,-4.703,-9.134,-17.969,-4.15,-21.138,-27.577,-36.585,0.0,9.39,0.759,123.25
1981-10-31,486.0,112.67,168.65,122.5,116.5,-1.507,-10.355,-2.45,-19.751,0.206,-17.905,-5.769,-39.506,0.0,9.39,0.726,119.5
1981-11-30,470.0,111.76,178.57,145.0,116.5,5.882,-8.477,-0.808,-23.765,-3.292,-26.448,18.367,-32.243,0.0,9.39,0.812,130.75
1981-12-31,455.0,107.63,176.0,137.5,94.5,-1.439,-3.625,-3.695,-23.936,-3.191,-20.357,-5.172,-35.748,-18.884,-11.268,0.781,116.0
1982-01-31,455.0,115.35,173.06,135.0,94.5,-1.67,-8.724,7.173,-22.485,0.0,-16.514,-1.818,-40.659,0.0,-17.826,0.78,114.75
1982-02-28,454.0,112.59,170.86,190.0,94.5,-1.271,-5.867,-2.393,-21.431,-0.22,-12.016,40.741,-15.929,0.0,-17.826,1.112,142.25
1982-03-31,452.0,114.17,168.65,190.0,94.5,-1.293,-3.777,1.403,-19.672,-0.441,-15.514,0.0,-8.434,0.0,-17.826,1.127,142.25
1982-04-30,482.0,117.76,169.76,168.5,94.5,0.658,-5.903,3.144,-19.065,6.637,-9.262,-11.316,-12.694,0.0,35.0,0.993,131.5
1982-05-31,509.0,118.11,167.55,166.0,90.0,-1.302,-2.354,0.297,-16.412,5.602,-0.391,-1.484,-15.09,-4.762,-21.739,0.991,128.0
1982-06-30,475.0,114.95,155.79,167.0,75.0,-7.019,-7.625,-2.675,-15.54,-6.68,-7.227,0.602,-12.105,-16.667,-34.783,1.072,121.0
1982-07-31,464.0,114.95,151.75,168.0,77.5,-2.593,-9.63,0.0,-16.436,-2.316,-12.453,0.599,-5.352,3.333,-33.476,1.107,122.75
1982-08-31,432.0,102.28,152.49,165.5,77.5,0.488,-10.363,-11.022,-19.534,-6.897,-14.625,-1.488,-7.799,0.0,-33.476,1.085,121.5
1982-09-30,426.0,100.88,152.85,167.0,77.0,0.236,-10.734,-1.369,-12.658,-1.389,-12.165,0.906,28.462,-0.645,-33.906,1.093,122.0
1982-10-31,416.0,91.73,146.61,163.5,79.0,-4.082,-13.068,-9.07,-18.585,-2.347,-14.403,-2.096,33.469,2.597,-32.189,1.115,121.25
1982-11-30,403.0,102.87,155.06,160.5,72.5,5.764,-13.166,12.144,-7.955,-3.125,-14.255,-1.835,10.69,-8.228,-37.768,1.035,116.5
1982-12-31,399.0,105.51,159.83,158.5,72.5,3.076,-9.187,2.566,-1.97,-0.993,-12.308,-1.246,15.273,0.0,-23.28,0.992,115.5
1983-01-31,397.0,107.84,164.98,150.5,75.0,3.222,-4.669,2.208,-6.511,-0.501,-12.747,-5.047,11.481,3.448,-20.635,0.912,112.75
1983-02-28,395.0,117.32,164.24,164.0,75.5,-0.449,-3.875,8.791,4.201,-0.504,-12.996,8.97,-13.684,0.667,-20.106,0.999,119.75
1983-03-31,394.0,125.19,166.08,179.5,75.5,1.12,-1.524,6.708,9.652,-0.253,-12.832,9.451,-5.526,0.0,-20.106,1.081,127.5
1983-04-30,434.0,133.43,167.18,180.5,75.5,0.662,-1.52,6.582,13.307,10.152,-9.959,0.557,7.122,0.0,-20.106,1.08,128.0
1983-05-31,434.0,133.85,160.2,171.5,75.5,-4.175,-4.387,0.315,13.327,0.0,-14.735,-4.986,3.313,0.0,-16.111,1.071,123.5
1983-06-30,425.0,135.03,151.75,158.5,73.0,-5.275,-2.593,0.882,17.468,-2.074,-10.526,-7.58,-5.09,-3.311,-2.667,1.044,115.75
1983-07-31,477.0,140.59,147.34,157.5,73.0,-2.906,-2.906,4.118,22.305,12.235,2.802,-0.631,-6.25,0.0,-5.806,1.069,115.25
1983-08-31,651.0,152.75,152.49,154.5,73.0,3.495,0.0,8.649,49.345,36.478,50.694,-1.905,-6.647,0.0,-5.806,1.013,113.75
1983-09-30,732.6,147.75,156.53,160.0,73.0,2.649,2.408,-3.273,46.461,12.535,71.972,3.56,-4.192,0.0,-5.195,1.022,116.5
1983-10-31,687.0,148.15,152.85,174.0,73.0,-2.351,4.256,0.271,61.507,-6.224,65.144,8.75,6.422,0.0,-7.595,1.138,123.5
1983-11-30,652.0,147.02,151.75,188.5,75.5,-0.72,-2.135,-0.763,42.918,-5.095,61.787,8.333,17.445,3.425,4.138,1.242,132.0
1983-12-31,644.0,143.28,153.59,190.0,75.5,1.213,-3.904,-2.544,35.798,-1.227,61.404,0.796,19.874,0.0,4.138,1.237,132.75
1984-01-31,692.0,141.92,152.85,191.5,82.5,-0.482,-7.352,-0.949,31.602,7.453,74.307,0.789,27.243,9.272,10.0,1.253,137.0
1984-02-29,669.0,137.0,150.65,204.0,82.5,-1.439,-8.274,-3.467,16.775,-3.324,69.367,6.527,24.39,0.0,9.272,1.354,143.25
1984-03-31,720.0,147.08,153.96,201.0,82.5,2.197,-7.298,7.358,17.485,7.623,82.741,-1.471,11.978,0.0,9.272,1.306,141.75
1984-04-30,772.0,148.02,157.26,198.5,81.0,2.143,-5.934,0.639,10.935,7.222,77.88,-1.244,9.972,-1.818,7.285,1.262,139.75
1984-05-31,914.0,146.06,153.96,171.5,81.0,-2.098,-3.895,-1.324,9.122,18.394,110.599,-13.602,0.0,0.0,7.285,1.114,126.25
1984-06-30,844.0,146.97,149.91,156.0,81.0,-2.631,-1.213,0.623,8.842,-7.659,98.588,-9.038,-1.577,0.0,10.959,1.041,118.5
1984-07-31,697.0,142.59,146.97,163.5,86.5,-1.961,-0.251,-2.98,1.423,-17.417,46.122,4.808,3.81,6.79,18.493,1.112,125.0
1984-08-31,679.0,138.75,152.49,170.5,86.5,3.756,0.0,-2.693,-9.165,-2.582,4.301,4.281,10.356,0.0,18.493,1.118,128.5
1984-09-30,694.0,130.41,155.06,168.0,86.5,1.685,-0.939,-6.011,-11.736,2.209,-5.269,-1.466,5.0,0.0,18.493,1.083,127.25
1984-10-31,679.0,121.19,152.85,166.0,86.5,-1.425,0.0,-7.07,-18.198,-2.161,-1.164,-1.19,-4.598,0.0,18.493,1.086,126.25
1984-11-30,698.0,117.37,152.49,160.5,86.5,-0.236,0.488,-3.152,-20.167,2.798,7.055,-3.313,-14.854,0.0,14.57,1.053,123.5
1984-12-31,630.0,113.95,149.55,156.5,86.5,-1.928,-2.63,-2.914,-20.47,-9.742,-2.174,-2.492,-17.632,0.0,14.57,1.046,121.5
1985-01-31,630.0,119.01,149.18,158.5,86.5,-0.247,-2.401,4.441,-16.143,0.0,-8.96,1.278,-17.232,0.0,4.848,1.062,122.5
1985-02-28,664.0,119.78,147.34,156.0,87.0,-1.233,-2.197,0.647,-12.569,5.397,-0.747,-1.577,-23.529,0.578,5.455,1.059,121.5
1985-03-31,667.0,120.19,145.14,179.5,75.5,-1.493,-5.729,0.342,-18.283,0.452,-7.361,15.064,-10.697,-13.218,-8.485,1.237,127.5
1985-04-30,693.0,120.05,143.67,179.5,75.5,-1.013,-8.642,-0.116,-18.896,3.898,-10.233,0.0,-9.572,0.0,-6.79,1.249,127.5
1985-05-31,652.0,116.73,136.32,154.0,87.0,-5.116,-11.458,-2.766,-20.081,-5.916,-28.665,-14.206,-10.204,15.232,7.407,1.13,120.5
1985-06-30,630.0,116.04,134.11,151.5,87.0,-1.621,-10.54,-0.591,-21.045,-3.374,-25.355,-1.623,-2.885,0.0,7.407,1.13,119.25
1985-07-31,568.0,114.91,128.6,151.0,87.0,-4.109,-12.499,-0.974,-19.412,-9.841,-18.508,-0.33,-7.645,0.0,0.578,1.174,119.0
1985-08-31,518.0,105.53,123.09,155.5,87.0,-4.285,-19.28,-8.163,-23.942,-8.803,-23.711,2.98,-8.798,0.0,0.578,1.263,121.25
1985-09-30,469.0,101.91,125.3,154.0,81.5,1.795,-19.193,-3.43,-21.854,-9.459,-32.421,-0.965,-8.333,-6.322,-5.78,1.229,117.75
1985-10-31,448.0,98.58,127.5,151.0,81.5,1.756,-16.585,-3.268,-18.657,-4.478,-34.021,-1.948,-9.036,0.0,-5.78,1.184,116.25
1985-11-30,455.0,106.2,132.64,149.0,81.5,4.031,-13.017,7.73,-9.517,1.562,-34.814,-1.325,-7.165,0.0,-5.78,1.123,115.25
1985-12-31,470.0,107.87,137.05,146.5,81.5,3.325,-8.358,1.573,-5.336,3.297,-25.397,-1.678,-6.39,0.0,-5.78,1.069,114.0
1986-01-31,457.0,107.79,132.28,145.5,81.5,-3.48,-11.329,-0.074,-9.428,-2.766,-27.46,-0.683,-8.202,0.0,-5.78,1.1,113.5
1986-02-28,394.0,103.19,129.71,143.0,80.0,-1.943,-11.966,-4.268,-13.85,-13.786,-40.663,-1.718,-8.333,-1.84,-8.046,1.102,111.5
1986-03-31,369.0,100.88,134.48,148.0,80.0,3.677,-7.345,-2.239,-16.066,-6.345,-44.678,3.497,-17.549,0.0,5.96,1.101,114.0
1986-04-30,349.0,101.33,132.64,149.0,75.0,-1.368,-7.677,0.446,-15.594,-5.42,-49.639,0.676,-16.992,-6.25,-0.662,1.123,112.0
1986-05-31,345.0,105.55,119.42,148.0,75.0,-9.967,-12.397,4.165,-9.578,-1.146,-47.086,-0.671,-3.896,0.0,-13.793,1.239,111.5
1986-06-30,351.0,103.54,105.82,140.5,75.0,-11.388,-21.095,-1.904,-10.772,1.739,-44.286,-5.068,-7.261,0.0,-13.793,1.328,107.75
1986-07-31,336.0,83.03,101.78,135.5,72.5,-3.818,-20.855,-19.809,-27.743,-4.274,-40.845,-3.559,-10.265,-3.333,-16.667,1.331,104.0
1986-08-31,271.0,72.31,102.15,135.5,72.5,0.364,-17.012,-12.911,-31.479,-19.345,-47.683,0.0,-12.862,0.0,-16.667,1.326,104.0
1986-09-30,276.0,65.7,103.62,129.5,66.5,1.439,-17.302,-9.141,-35.531,1.845,-41.151,-4.428,-15.909,-8.276,-18.405,1.25,98.0
1986-10-31,319.0,65.31,104.72,134.5,66.5,1.062,-17.867,-0.594,-33.749,15.58,-28.795,3.861,-10.927,0.0,-18.405,1.284,100.5
1986-11-30,322.0,72.43,105.09,127.0,65.5,0.353,-20.771,10.902,-31.798,0.94,-29.231,-5.576,-14.765,-1.504,-19.632,1.208,96.25
1986-12-31,320.0,69.64,107.29,122.0,65.5,2.093,-21.715,-3.852,-35.441,-0.621,-31.915,-3.937,-16.724,0.0,-19.632,1.137,93.75
1987-01-31,315.0,67.91,109.13,140.0,63.0,1.715,-17.501,-2.484,-36.998,-1.562,-31.072,14.754,-3.78,-3.817,-22.699,1.283,101.5
1987-02-28,307.0,66.14,112.07,161.0,61.5,2.694,-13.6,-2.606,-35.905,-2.54,-22.081,15.0,12.587,-2.381,-23.125,1.437,111.25
1987-03-31,305.0,71.6,115.38,165.0,61.5,2.954,-14.203,8.255,-29.025,-0.651,-17.344,2.484,11.486,0.0,-23.125,1.43,113.25
1987-04-30,333.0,74.88,113.17,157.5,61.5,-1.915,-14.679,4.581,-26.103,9.18,-4.585,-4.545,5.705,0.0,-18.0,1.392,109.5
1987-05-31,351.0,81.84,119.05,151.5,61.5,5.196,-0.31,9.295,-22.463,5.405,1.739,-3.81,2.365,0.0,-18.0,1.273,106.5
1987-06-30,351.0,80.7,108.76,149.0,61.5,-8.643,2.778,-1.393,-22.059,0.0,0.0,-1.65,6.05,0.0,-18.0,1.37,105.25
1987-07-31,318.0,76.37,104.72,159.5,70.0,-3.715,2.889,-5.366,-8.021,-9.402,-5.357,7.047,17.712,13.821,-3.448,1.523,114.75
1987-08-31,322.0,71.65,106.92,167.0,70.0,2.101,4.67,-6.18,-0.913,1.258,18.819,4.702,23.247,0.0,-3.448,1.562,118.5
1987-09-30,330.0,73.57,112.07,167.5,70.0,4.817,8.155,2.68,11.979,2.484,19.565,0.299,29.344,0.0,5.263,1.495,118.75
1987-10-31,348.0,78.85,113.91,163.0,73.0,1.642,8.776,7.177,20.732,5.455,9.091,-2.687,21.19,4.286,9.774,1.431,118.0
1987-11-30,338.0,81.69,115.01,165.0,73.0,0.966,9.44,3.602,12.785,-2.874,4.969,1.227,29.921,0.0,11.45,1.435,119.0
1987-12-31,393.0,83.16,124.56,174.0,81.0,8.304,16.097,1.799,19.414,16.272,22.812,5.455,42.623,10.959,23.664,1.397,127.5
1988-01-31,433.0,85.92,128.6,189.0,82.0,3.243,17.841,3.319,26.52,10.178,37.46,8.621,35.0,1.235,30.159,1.47,135.5
1988-02-29,406.0,87.99,131.54,194.5,83.0,2.286,17.373,2.409,33.036,-6.236,32.248,2.91,20.807,1.22,34.959,1.479,138.75
1988-03-31,396.0,90.23,124.93,189.0,83.0,-5.025,8.277,2.546,26.02,-2.463,29.836,-2.828,14.545,0.0,34.959,1.513,136.0
1988-04-30,409.0,89.52,126.77,194.5,83.0,1.473,12.017,-0.787,19.551,3.283,22.823,2.91,23.492,0.0,34.959,1.534,138.75
1988-05-31,437.0,89.32,128.97,175.5,84.5,1.735,8.333,-0.223,9.14,6.846,24.501,-9.769,15.842,1.807,37.398,1.361,130.0
1988-06-30,544.0,120.27,149.91,166.5,84.5,16.236,37.836,34.651,49.033,24.485,54.986,-5.128,11.745,0.0,37.398,1.111,125.5
1988-07-31,600.0,125.49,149.55,177.0,84.5,-0.24,42.809,4.34,64.318,10.294,88.679,6.306,10.972,0.0,20.714,1.184,130.75
1988-08-31,534.0,119.92,149.91,176.5,93.0,0.241,40.208,-4.439,67.369,-11.0,65.839,-0.282,5.689,10.059,32.857,1.177,134.75
1988-09-30,478.0,121.37,159.47,173.5,90.0,6.377,42.295,1.209,64.972,-10.487,44.848,-1.7,3.582,-3.226,28.571,1.088,131.75
1988-10-31,449.0,121.35,162.04,174.5,91.5,1.612,42.253,-0.016,53.9,-6.067,29.023,0.576,7.055,1.667,25.342,1.077,133.0
1988-11-30,431.0,114.43,163.88,173.0,91.5,1.136,42.492,-5.703,40.078,-4.009,27.515,-0.86,4.848,0.0,25.342,1.056,132.25
1988-12-31,444.0,116.88,166.82,178.5,91.5,1.794,33.927,2.141,40.548,3.016,12.977,3.179,2.586,0.0,12.963,1.07,135.0
1989-01-31,423.0,118.2,173.8,181.0,91.5,4.184,35.148,1.129,37.57,-4.73,-2.309,1.401,-4.233,0.0,11.585,1.041,136.25
1989-02-28,412.0,117.42,171.96,178.5,101.5,-1.059,30.728,-0.66,33.447,-2.6,1.478,-1.381,-8.226,10.929,22.289,1.038,140.0
1989-03-31,437.0,118.38,178.21,176.5,100.5,3.635,42.648,0.818,31.198,6.068,10.354,-1.12,-6.614,-0.985,21.084,0.99,138.5
1989-04-30,440.0,115.74,174.53,167.5,98.5,-2.065,37.675,-2.23,29.29,0.686,7.579,-5.099,-13.882,-1.99,18.675,0.96,133.0
1989-05-31,460.0,117.64,176.37,152.5,98.5,1.054,36.753,1.642,31.706,4.545,5.263,-8.955,-13.105,0.0,16.568,0.865,125.5
1989-06-30,464.0,112.99,168.65,142.5,98.5,-4.377,12.501,-3.953,-6.053,0.87,-14.706,-6.557,-14.414,0.0,16.568,0.845,120.5
1989-07-31,447.0,108.7,166.82,137.5,98.5,-1.085,11.548,-3.797,-13.38,-3.664,-25.5,-3.509,-22.316,0.0,16.568,0.824,118.0
1989-08-31,404.0,100.92,164.24,144.0,98.5,-1.547,9.559,-7.157,-15.844,-9.62,-24.345,4.727,-18.414,0.0,5.914,0.877,121.25
1989-09-30,410.0,103.37,163.51,156.0,98.5,-0.444,2.533,2.428,-14.831,1.485,-14.226,8.333,-10.086,0.0,9.444,0.954,127.25
1989-10-31,419.0,107.28,164.61,148.0,98.5,0.673,1.586,3.783,-11.595,2.195,-6.682,-5.128,-15.186,0.0,7.65,0.899,123.25
1989-11-30,433.0,108.48,163.51,142.0,98.5,-0.668,-0.226,1.119,-5.2,3.341,0.464,-4.054,-17.919,0.0,7.65,0.868,120.25
1989-12-31,429.0,109.17,164.61,137.5,98.5,0.673,-1.325,0.636,-6.597,-0.924,-3.378,-3.169,-22.969,0.0,7.65,0.835,118.0
1990-01-31,417.0,105.6,167.92,138.5,98.5,2.011,-3.383,-3.27,-10.66,-2.797,-1.418,0.727,-23.481,0.0,7.65,0.825,118.5
1990-02-28,428.0,106.07,160.94,139.75,98.5,-4.157,-6.408,0.445,-9.666,2.638,3.883,0.903,-21.709,0.0,-2.956,0.868,119.12
1990-03-31,442.0,109.7,156.53,146.0,97.375,-2.74,-12.165,3.422,-7.332,3.271,1.144,4.472,-17.28,-1.142,-3.109,0.933,121.69
1990-04-30,440.0,118.82,159.47,155.2,93.2,1.878,-8.629,8.314,2.661,-0.452,0.0,6.301,-7.343,-4.288,-5.381,0.973,124.2
1990-05-31,449.0,121.04,149.18,149.125,93.5,-6.453,-15.416,1.868,2.89,2.045,-2.391,-3.914,-2.213,0.322,-5.076,1.0,121.31
1990-06-30,435.0,120.86,135.58,152.75,93.5,-9.117,-19.609,-0.149,6.965,-3.118,-6.25,2.431,7.193,0.0,-5.076,1.127,123.12
1990-07-31,437.0,114.91,124.93,160.7,93.5,-7.855,-25.111,-4.923,5.713,0.46,-2.237,5.205,16.873,0.0,-5.076,1.286,127.1
1990-08-31,460.0,110.05,116.84,160.5,93.5,-6.476,-28.86,-4.229,9.047,5.263,13.861,-0.124,11.458,0.0,-5.076,1.374,127.0
1990-09-30,461.0,101.52,114.27,165.875,93.5,-2.2,-30.114,-7.751,-1.79,0.217,12.439,3.349,6.33,0.0,-5.076,1.452,129.69
1990-10-31,468.0,100.34,114.64,165.7,93.5,0.324,-30.357,-1.162,-6.469,1.518,11.695,-0.106,11.959,0.0,-5.076,1.445,129.6
1990-11-30,455.0,100.39,112.8,163.375,93.5,-1.605,-31.013,0.05,-7.458,-2.778,5.081,-1.403,15.053,0.0,-5.076,1.448,128.44
1990-12-31,476.0,102.01,113.17,158.625,93.5,0.328,-31.25,1.614,-6.559,4.615,10.956,-2.907,15.364,0.0,-5.076,1.402,126.06
1991-01-31,455.0,105.67,111.33,157.375,93.5,-1.626,-33.701,3.588,0.066,-4.412,9.113,-0.788,13.628,0.0,-5.076,1.414,125.44
1991-02-28,445.0,106.1,113.91,160.625,95.625,2.317,-29.222,0.407,0.028,-2.198,3.972,2.065,14.937,2.273,-2.919,1.41,128.12
1991-03-31,453.0,109.54,119.42,163.625,95.625,4.837,-23.708,3.242,-0.146,1.798,2.489,1.868,12.072,0.0,-1.797,1.37,129.62
1991-04-30,460.0,110.33,120.89,166.0,108.0,1.231,-24.193,0.721,-7.145,1.545,4.545,1.451,6.959,12.941,15.88,1.373,137.0
1991-05-31,444.0,105.7,121.99,165.25,112.0,0.91,-18.226,-4.197,-12.673,-3.478,-1.114,-0.452,10.813,3.704,19.786,1.355,138.62
1991-06-30,440.0,104.21,120.15,159.25,112.0,-1.508,-11.381,-1.41,-13.776,-0.901,1.149,-3.631,4.255,0.0,19.786,1.325,135.62
1991-07-31,431.0,105.11,118.31,163.5,110.4,-1.531,-5.299,0.864,-8.528,-2.045,-1.373,2.669,1.742,-1.429,18.075,1.382,136.95
1991-08-31,457.0,110.43,125.3,161.875,110.0,5.908,7.241,5.061,0.345,6.032,-0.652,-0.994,0.857,-0.362,17.647,1.292,135.94
1991-09-30,468.0,108.85,135.22,159.5,110.0,7.917,18.334,-1.431,7.22,2.407,1.518,-1.467,-3.843,0.0,17.647,1.18,134.75
1991-10-31,485.0,109.7,146.97,155.0,110.0,8.69,28.201,0.781,9.328,3.632,3.632,-2.821,-6.457,0.0,17.647,1.055,132.5
1991-11-30,466.0,106.49,149.55,143.5,110.0,1.755,32.58,-2.926,6.076,-3.918,2.418,-7.419,-12.165,0.0,17.647,0.96,126.75
1991-12-31,442.0,106.91,160.94,143.5,110.0,7.616,42.211,0.394,4.803,-5.15,-7.143,0.0,-9.535,0.0,17.647,0.892,126.75
1992-01-31,429.0,109.31,170.12,145.25,110.0,5.704,52.807,2.245,3.445,-2.941,-5.714,1.22,-7.705,0.0,17.647,0.854,127.62
1992-02-29,414.0,113.62,177.1,147.875,110.0,4.103,55.474,3.943,7.088,-3.497,-6.966,1.807,-7.938,0.0,15.033,0.835,128.94
1992-03-31,434.0,117.0,169.39,144.8,110.0,-4.353,41.844,2.975,6.81,4.831,-4.194,-2.079,-11.505,0.0,15.033,0.855,127.4
1992-04-30,425.0,108.52,159.83,142.75,110.0,-5.644,32.211,-7.248,-1.641,-2.074,-7.609,-1.416,-14.006,0.0,1.852,0.893,126.38
1992-05-31,439.0,109.64,149.55,140.5,110.0,-6.432,22.592,1.032,3.728,3.294,-1.126,-1.576,-14.977,0.0,-1.786,0.939,125.25
1992-06-30,456.0,110.9,148.81,143.5,110.0,-0.495,23.854,1.149,6.42,3.872,3.636,2.135,-9.89,0.0,-1.786,0.964,126.75
1992-07-31,429.0,102.75,136.32,146.0,110.0,-8.393,15.223,-7.349,-2.245,-5.921,-0.464,1.742,-10.703,0.0,-0.362,1.071,128.0
1992-08-31,409.0,96.96,128.24,131.4,113.6,-5.927,2.346,-5.635,-12.198,-4.662,-10.503,-10.0,-18.826,3.273,3.273,1.025,122.5
1992-09-30,421.0,98.05,138.89,131.25,114.5,8.305,2.714,1.124,-9.922,2.934,-10.043,-0.114,-17.712,0.792,4.091,0.945,122.88
1992-10-31,418.0,95.11,140.73,130.125,114.5,1.325,-4.246,-2.998,-13.3,-0.713,-13.814,-0.857,-16.048,0.0,4.091,0.925,122.31
1992-11-30,437.0,94.48,147.71,126.4,114.5,4.96,-1.23,-0.662,-11.278,4.545,-6.223,-2.863,-11.916,0.0,4.091,0.856,120.45
1992-12-31,436.0,94.61,147.71,124.625,114.0,0.0,-8.22,0.138,-11.505,-0.229,-1.357,-1.404,-13.153,-0.437,3.636,0.844,119.31
1993-01-31,444.0,94.21,155.79,123.75,113.0,5.47,-8.423,-0.423,-13.814,1.835,3.497,-0.702,-14.802,-0.877,2.727,0.794,118.38
1993-02-28,433.0,94.38,148.81,120.25,112.5,-4.48,-15.974,0.18,-16.934,-2.477,4.589,-2.828,-18.681,-0.442,2.273,0.808,116.38
1993-03-31,438.0,97.14,148.08,115.1,112.5,-0.491,-12.58,2.924,-16.974,1.155,0.922,-4.283,-20.511,0.0,2.273,0.777,113.8
1993-04-30,448.0,100.55,141.83,112.75,112.5,-4.221,-11.262,3.51,-7.344,2.283,5.412,-2.042,-21.016,0.0,2.273,0.795,112.62
1993-05-31,448.0,98.59,136.69,115.1,112.5,-3.624,-8.599,-1.949,-10.078,0.0,2.05,2.084,-18.078,0.0,2.273,0.842,113.8
1993-06-30,461.0,92.76,121.99,113.875,112.5,-10.754,-18.023,-5.913,-16.357,2.902,1.096,-1.064,-20.645,0.0,2.273,0.933,113.19
1993-07-31,505.0,101.25,127.5,112.875,112.5,4.517,-6.47,9.153,-1.46,9.544,17.716,-0.878,-22.688,0.0,2.273,0.885,112.69
1993-08-31,483.0,100.31,129.71,113.1,112.5,1.733,1.146,-0.928,3.455,-4.356,18.093,0.199,-13.927,0.0,-0.968,0.872,112.8
1993-09-30,489.0,100.9,131.17,116.875,112.5,1.126,-5.558,0.588,2.907,1.242,16.152,3.338,-10.952,0.0,-1.747,0.891,114.69
1993-10-31,491.0,106.53,135.95,129.5,112.5,3.644,-3.397,5.58,12.007,0.409,17.464,10.802,-0.48,0.0,-1.747,0.953,121.0
1993-11-30,536.0,116.67,146.61,140.4,112.5,7.841,-0.745,9.518,23.486,9.165,22.654,8.417,11.076,0.0,-1.747,0.958,126.45
1993-12-31,589.0,121.79,158.73,150.375,112.5,8.267,7.461,4.388,28.728,9.888,35.092,7.105,20.662,0.0,-1.316,0.947,131.44
1994-01-31,602.0,127.23,153.22,150.0,112.5,-3.471,-1.65,4.467,35.049,2.207,35.586,-0.249,21.212,0.0,-0.442,0.979,131.25
1994-02-28,577.0,123.22,146.97,151.75,112.5,-4.079,-1.236,-3.152,30.557,-4.153,33.256,1.167,26.195,0.0,0.0,1.033,132.12
1994-03-31,586.0,119.4,141.1,155.875,112.5,-3.994,-4.714,-3.1,22.915,1.56,33.79,2.718,35.426,0.0,0.0,1.105,134.19
1994-04-30,584.0,113.23,140.36,162.25,112.5,-0.524,-1.036,-5.168,12.611,-0.341,30.357,4.09,43.902,0.0,0.0,1.156,137.38
1994-05-31,594.0,109.59,139.99,159.2,112.5,-0.264,2.414,-3.215,11.157,1.712,32.589,-1.88,38.315,0.0,0.0,1.137,135.85
1994-06-30,571.0,112.16,139.26,157.625,112.5,-0.521,14.157,2.345,20.914,-3.872,23.861,-0.989,38.419,0.0,0.0,1.132,135.06
1994-07-31,560.0,97.83,137.42,158.625,112.5,-1.321,7.78,-12.776,-3.378,-1.926,10.891,0.634,40.532,0.0,0.0,1.154,135.56
1994-08-31,600.0,95.99,145.87,161.1,112.5,6.149,12.459,-1.881,-4.307,7.143,24.224,1.56,42.44,0.0,0.0,1.104,136.8
1994-09-30,672.0,97.51,158.73,164.0,112.5,8.816,21.011,1.583,-3.36,12.0,37.423,1.8,40.321,0.0,0.0,1.033,138.25
1994-10-31,642.0,96.48,167.18,167.125,112.5,5.324,22.972,-1.056,-9.434,-4.464,30.754,1.905,29.054,0.0,0.0,1.0,139.81
1994-11-30,706.0,95.47,162.04,165.875,112.5,-3.075,10.525,-1.047,-18.171,9.969,31.716,-0.748,18.145,0.0,0.0,1.024,139.19
1994-12-31,693.0,102.49,164.61,171.66666666667,112.5,1.586,3.704,7.353,-15.847,-1.841,17.657,3.492,14.159,0.0,0.0,1.043,142.08
1995-01-31,674.0,106.96,156.16,188.2,112.5,-5.133,1.919,4.361,-15.932,-2.742,11.96,9.631,25.467,0.0,0.0,1.205,150.35
1995-02-28,663.0,106.69,154.32,198.625,112.5,-1.178,5.001,-0.252,-13.415,-1.632,14.905,5.539,30.89,0.0,0.0,1.287,155.56
1995-03-31,652.0,109.7,150.28,205.625,112.5,-2.618,6.506,2.821,-8.124,-1.659,11.263,3.524,31.917,0.0,0.0,1.368,159.06
1995-04-30,610.0,109.3,148.81,204.5,112.5,-0.978,6.02,-0.365,-3.471,-6.442,4.452,-0.547,26.04,0.0,0.0,1.374,158.5
1995-05-31,595.0,111.97,158.73,197.8,112.5,6.666,13.387,2.443,2.172,-2.459,0.168,-3.276,24.246,0.0,0.0,1.246,155.15
1995-06-30,611.0,119.86,170.12,185.625,112.5,7.176,22.16,7.047,6.865,2.689,7.005,-6.155,17.764,0.0,0.0,1.091,149.06
1995-07-31,626.0,126.99,190.7,180.8,112.5,12.097,38.772,5.949,29.807,2.455,11.786,-2.599,13.98,0.0,0.0,0.948,146.65
1995-08-31,616.0,126.44,184.45,185.25,112.5,-3.277,26.448,-0.433,31.722,-1.597,2.667,2.461,14.991,0.0,0.0,1.004,148.88
1995-09-30,614.0,130.48,193.64,192.0,112.5,4.982,21.993,3.195,33.812,-0.325,-8.631,3.644,17.073,0.0,0.0,0.992,152.25
1995-10-31,638.0,140.86,203.73,204.8,112.5,5.211,21.863,7.955,45.999,3.909,-0.623,6.667,22.543,0.0,0.0,1.005,158.65
1995-11-30,623.0,143.95,203.93,224.875,112.5,0.098,25.852,2.194,50.78,-2.351,-11.756,9.802,35.569,0.0,0.0,1.103,168.69
1995-12-31,579.0,148.65,208.92,229.16666666667,112.5,2.447,26.918,3.265,45.039,-7.063,-16.45,1.908,33.495,0.0,0.0,1.097,170.83
1996-01-31,554.0,156.13,206.88,226.3,112.5,-0.976,32.48,5.032,45.97,-4.318,-17.804,-1.251,20.244,0.0,0.0,1.094,169.4
1996-02-29,548.0,164.81,218.89,225.875,112.5,5.805,41.842,5.559,54.476,-1.083,-17.345,-0.188,13.719,0.0,0.0,1.032,169.19
1996-03-31,538.0,184.86,215.32,221.0,112.5,-1.631,43.279,12.166,68.514,-1.825,-17.485,-2.158,7.477,0.0,0.0,1.026,166.75
1996-04-30,582.0,190.37,257.61,210.75,112.5,19.641,73.113,2.981,74.172,8.178,-4.59,-4.638,3.056,0.0,0.0,0.818,161.62
1996-05-31,591.0,204.02,262.11,186.125,112.5,1.747,65.129,7.17,82.21,1.546,-0.672,-11.684,-5.902,0.0,0.0,0.71,149.31
1996-06-30,563.0,197.55,227.34,182.125,112.5,-13.265,33.635,-3.171,64.817,-4.738,-7.856,-2.149,-1.886,0.0,0.0,0.801,147.31
1996-07-31,549.0,197.8,202.6,188.0,112.5,-10.882,6.24,0.127,55.76,-2.487,-12.3,3.226,3.982,0.0,0.0,0.928,150.25
1996-08-31,565.0,185.5,191.63,189.875,112.5,-5.415,3.893,-6.218,46.71,2.914,-8.279,0.997,2.497,0.0,0.0,0.991,151.19
1996-09-30,569.0,145.39,178.71,186.7,112.5,-6.742,-7.71,-21.623,11.427,0.708,-7.329,-1.672,-2.76,0.0,0.0,1.045,149.6
1996-10-31,528.0,127.85,178.0,183.75,112.5,-0.397,-12.629,-12.064,-9.236,-7.206,-17.241,-1.58,-10.278,0.0,0.0,1.032,148.12
1996-11-30,517.0,117.74,176.41,188.25,112.5,-0.893,-13.495,-7.908,-18.208,-2.083,-17.014,2.449,-16.287,0.0,0.0,1.067,150.38
1996-12-31,514.0,117.69,175.7,188.5,112.5,-0.402,-15.901,-0.042,-20.827,-0.58,-11.226,0.133,-17.745,0.0,0.0,1.073,150.5
1997-01-31,534.0,118.36,175.73,188.0,112.5,0.017,-15.057,0.569,-24.191,3.891,-3.61,-0.265,-16.924,0.0,0.0,1.07,150.25
1997-02-28,527.0,121.67,172.35,187.375,112.5,-1.923,-21.262,2.797,-26.176,-1.311,-3.832,-0.332,-17.045,0.0,0.0,1.087,149.94
1997-03-31,541.0,127.6,176.61,187.4,112.5,2.472,-17.978,4.874,-30.975,2.657,0.558,0.013,-15.204,0.0,0.0,1.061,149.95
1997-04-30,541.0,124.4,183.49,188.5,112.5,3.896,-28.772,-2.508,-34.654,0.0,-7.045,0.587,-10.558,0.0,0.0,1.027,150.5
1997-05-31,541.0,118.77,172.59,188.5,112.5,-5.94,-34.154,-4.526,-41.785,0.0,-8.46,0.0,1.276,0.0,0.0,1.092,150.5
1997-06-30,550.0,112.05,148.39,187.0,112.5,-14.022,-34.728,-5.658,-43.28,1.664,-2.309,-0.796,2.677,0.0,0.0,1.26,149.75
1997-07-31,535.0,106.06,136.21,186.875,112.5,-8.208,-32.769,-5.346,-46.38,-2.727,-2.55,-0.067,-0.598,0.0,0.0,1.372,149.69
1997-08-31,544.0,112.92,150.61,186.625,112.5,10.572,-21.406,6.468,-39.127,1.682,-3.717,-0.134,-1.712,0.0,0.0,1.239,149.56
1997-09-30,555.0,112.24,151.74,186.6,112.5,0.75,-15.091,-0.602,-22.801,2.022,-2.46,-0.013,-0.054,0.0,0.0,1.23,149.55
1997-10-31,611.0,120.36,151.59,186.0,112.5,-0.099,-14.837,7.234,-5.858,10.09,15.72,-0.322,1.224,0.0,0.0,1.227,149.25
1997-11-30,676.0,117.22,149.88,185.5,112.5,-1.128,-15.039,-2.609,-0.442,10.638,30.754,-0.269,-1.461,0.0,0.0,1.238,149.0
1997-12-31,622.0,113.45,144.62,185.5,112.5,-3.509,-17.689,-3.216,-3.603,-7.988,21.012,0.0,-1.592,0.0,0.0,1.283,149.0
1998-01-31,625.0,114.71,137.1,184.0,112.5,-5.2,-21.983,1.111,-3.084,0.482,17.041,-0.809,-2.128,0.0,0.0,1.342,148.25
1998-02-28,634.0,113.38,140.05,183.5,112.5,2.152,-18.741,-1.159,-6.814,1.44,20.304,-0.272,-2.068,0.0,0.0,1.31,148.0
1998-03-31,652.0,114.21,138.92,183.5,112.5,-0.807,-21.341,0.732,-10.494,2.839,20.518,0.0,-2.081,0.0,0.0,1.321,148.0
1998-04-30,662.0,107.12,130.15,185.0,112.5,-6.313,-29.07,-6.208,-13.891,1.534,22.366,0.817,-1.857,0.0,0.0,1.421,148.75
1998-05-31,671.0,106.1,128.92,186.5,112.5,-0.945,-25.303,-0.952,-10.668,1.36,24.03,0.811,-1.061,0.0,0.0,1.447,149.5
1998-06-30,629.0,104.23,120.64,189.2,112.5,-6.423,-18.701,-1.762,-6.979,-6.259,14.364,1.448,1.176,0.0,0.0,1.568,150.85
1998-07-31,612.0,100.51,118.9,190.5,112.5,-1.442,-12.708,-3.569,-5.233,-2.703,14.393,0.687,1.94,0.0,0.0,1.602,151.5
1998-08-31,592.0,87.86,107.95,190.5,112.5,-9.209,-28.325,-12.586,-22.193,-3.268,8.824,0.0,2.076,0.0,0.0,1.765,151.5
1998-09-30,615.0,86.31,107.93,190.5,112.5,-0.019,-28.872,-1.764,-23.102,3.885,10.811,0.0,2.09,0.0,0.0,1.765,151.5
1998-10-31,614.0,95.53,126.54,189.625,112.5,17.243,-16.525,10.682,-20.63,-0.163,0.491,-0.459,1.949,0.0,0.0,1.499,151.06
1998-11-30,614.0,98.12,130.21,186.7,112.5,2.9,-13.124,2.711,-16.294,0.0,-9.172,-1.543,0.647,0.0,0.0,1.434,149.6
1998-12-31,591.0,95.76,126.21,182.83333333333,112.5,-3.072,-12.73,-2.405,-15.593,-3.746,-4.984,-2.071,-1.438,0.0,0.0,1.449,147.67
1999-01-31,541.63,97.44,125.29,181.75,112.5,-0.729,-8.614,1.754,-15.055,-8.354,-13.339,-0.593,-1.223,0.0,0.0,1.451,147.12
1999-02-28,482.36,94.19,117.03,181.625,112.5,-6.593,-16.437,-3.335,-16.925,-10.943,-23.918,-0.069,-1.022,0.0,0.0,1.552,147.06
1999-03-31,444.36,96.18,117.34,181.75,112.5,0.265,-15.534,2.113,-15.787,-7.878,-31.847,0.069,-0.954,0.0,0.0,1.549,147.12
1999-04-30,442.68,94.13,113.87,180.5,112.5,-2.957,-12.509,-2.131,-12.127,-0.378,-33.13,-0.688,-2.432,0.0,0.0,1.585,146.5
1999-05-31,421.5,92.49,113.0,180.5,112.5,-0.764,-12.349,-1.742,-12.828,-4.784,-37.183,0.0,-3.217,0.0,0.0,1.597,146.5
1999-06-30,405.88,93.65,111.41,180.5,112.5,-1.407,-7.651,1.254,-10.151,-3.706,-35.472,0.0,-4.598,0.0,0.0,1.62,146.5
1999-07-31,391.4,83.99,103.02,177.0,112.5,-7.531,-13.356,-10.315,-16.436,-3.568,-36.046,-1.939,-7.087,0.0,0.0,1.718,144.75
1999-08-31,412.37,85.65,111.3,172.4,112.5,8.037,3.103,1.976,-2.515,5.358,-30.343,-2.599,-9.501,0.0,0.0,1.549,142.45
1999-09-30,413.93,86.47,113.19,164.375,112.5,1.698,4.874,0.957,0.185,0.378,-32.694,-4.655,-13.714,0.0,0.0,1.452,138.44
1999-10-31,399.53,85.8,108.1,157.0,112.5,-4.497,-14.572,-0.775,-10.185,-3.479,-34.93,-4.487,-17.205,0.0,0.0,1.452,134.75
1999-11-30,387.31,85.43,108.8,148.3,112.5,0.648,-16.443,-0.431,-12.933,-3.059,-36.92,-5.541,-20.568,0.0,0.0,1.363,130.4
1999-12-31,374.67,87.18,102.16,147.5,112.5,-6.103,-19.056,2.048,-8.96,-3.264,-36.604,-0.539,-19.325,0.0,0.0,1.444,130.0
2000-01-31,369.79,93.29,105.83,147.2,112.5,3.592,-15.532,7.008,-4.259,-1.302,-31.726,-0.203,-19.01,0.0,0.0,1.391,129.85
2000-02-29,357.94,95.15,107.93,144.5,112.5,1.984,-7.776,1.994,1.019,-3.205,-25.794,-1.834,-20.44,0.0,0.0,1.339,128.5
2000-03-31,363.49,95.05,105.7,143.0,112.5,-2.066,-9.92,-0.105,-1.175,1.551,-18.199,-1.038,-21.32,0.0,0.0,1.353,127.75
2000-04-30,366.24,95.2,105.11,143.0,112.5,-0.558,-7.693,0.158,1.137,0.757,-17.268,0.0,-20.776,0.0,0.0,1.36,127.75
2000-05-31,337.97,96.35,112.14,143.0,112.5,6.688,-0.761,1.208,4.173,-7.719,-19.817,0.0,-20.776,0.0,0.0,1.275,127.75
2000-06-30,330.17,84.33,113.51,142.0,112.5,1.222,1.885,-12.475,-9.952,-2.308,-18.653,-0.699,-21.33,0.0,0.0,1.251,127.25
2000-07-31,339.3,75.27,108.98,140.3,112.5,-3.991,5.785,-10.744,-10.382,2.765,-13.311,-1.197,-20.734,0.0,0.0,1.287,126.4
2000-08-31,328.92,75.58,108.36,148.625,112.5,-0.569,-2.642,0.412,-11.757,-3.059,-20.237,5.934,-13.791,0.0,0.0,1.372,130.56
2000-09-30,312.49,80.43,117.49,157.5,112.5,8.426,3.799,6.417,-6.985,-4.995,-24.507,5.971,-4.183,0.0,0.0,1.341,135.0
2000-10-31,314.02,85.03,128.18,155.9,112.5,9.099,18.575,5.719,-0.897,0.49,-21.403,-1.016,-0.701,0.0,0.0,1.216,134.2
2000-11-30,316.78,89.17,127.73,153.5,112.5,-0.351,17.399,4.869,4.378,0.879,-18.21,-1.539,3.506,0.0,0.0,1.202,133.0
2000-12-31,320.57,97.56,128.09,153.5,112.5,0.282,25.382,9.409,11.906,1.196,-14.439,0.0,4.068,0.0,0.0,1.198,133.0
2001-01-31,304.81,95.15,132.84,154.5,112.5,3.708,25.522,-2.47,1.994,-4.916,-17.572,0.651,4.959,0.0,0.0,1.163,133.5
2001-02-28,303.78,91.97,128.11,159.0,112.5,-3.561,18.697,-3.342,-3.342,-0.338,-15.131,2.913,10.035,0.0,0.0,1.241,135.75
2001-03-31,327.63,90.25,130.2,159.125,112.5,1.631,23.179,-1.87,-5.05,7.851,-9.865,0.079,11.276,0.0,0.0,1.222,135.81
2001-04-30,326.01,87.99,129.67,151.3,112.5,-0.407,23.366,-2.504,-7.574,-0.494,-10.985,-4.918,5.804,0.0,0.0,1.167,131.9
2001-05-31,295.17,84.09,134.86,142.0,112.5,4.002,20.26,-4.432,-12.724,-9.46,-12.664,-6.147,-0.699,0.0,0.0,1.053,127.25
2001-06-30,286.89,83.31,127.23,133.125,112.5,-5.658,12.087,-0.928,-1.21,-2.805,-13.108,-6.25,-6.25,0.0,0.0,1.046,122.81
2001-07-31,421.36,91.73,123.79,135.0,112.5,-2.704,13.59,10.107,21.868,46.872,24.185,1.408,-3.778,0.0,0.0,1.091,123.75
2001-08-31,427.49,93.14,121.92,135.0,112.5,-1.511,12.514,1.537,23.234,1.455,29.968,0.0,-9.167,0.0,0.0,1.107,123.75
2001-09-30,385.09,90.08,122.03,135.0,112.5,0.09,3.864,-3.285,11.998,-9.918,23.233,0.0,-14.286,0.0,0.0,1.106,123.75
2001-10-31,373.03,86.56,123.34,135.9,112.5,1.074,-3.776,-3.908,1.799,-3.132,18.792,0.667,-12.829,0.0,0.0,1.102,124.2
2001-11-30,390.69,89.54,125.27,140.5,112.5,1.565,-1.926,3.443,0.415,4.734,23.332,3.385,-8.469,0.0,0.0,1.122,126.5
2001-12-31,396.87,91.88,122.44,141.66666666667,112.5,-2.259,-4.411,2.613,-5.822,1.582,23.801,0.83,-7.709,0.0,0.0,1.157,127.08
2002-01-31,389.18,91.98,125.31,146.0,112.5,2.344,-5.668,0.109,-3.332,-1.938,27.68,3.059,-5.502,0.0,0.0,1.165,129.25
2002-02-28,364.92,90.82,123.28,150.25,112.5,-1.62,-3.77,-1.261,-1.25,-6.234,20.126,2.911,-5.503,0.0,0.0,1.219,131.38
2002-03-31,359.21,89.61,122.54,149.75,112.5,-0.6,-5.883,-1.332,-0.709,-1.565,9.639,-0.333,-5.892,0.0,0.0,1.222,131.12
2002-04-30,370.86,87.13,123.72,147.8,112.5,0.963,-4.589,-2.768,-0.977,3.243,13.757,-1.302,-2.313,0.0,0.0,1.195,130.15
2002-05-31,399.89,90.27,121.46,143.875,112.5,-1.827,-9.936,3.604,7.349,7.828,35.478,-2.656,1.32,0.0,0.0,1.185,128.19
2002-06-30,456.81,94.09,132.03,149.5,112.5,8.702,3.773,4.232,12.94,14.234,59.228,3.91,12.3,0.0,0.0,1.132,131.0
2002-07-31,489.63,98.69,149.31,160.5,112.5,13.088,20.616,4.889,7.587,7.185,16.202,7.358,18.889,0.0,0.0,1.075,136.5
2002-08-31,502.75,108.93,161.26,162.5,112.5,8.003,32.267,10.376,16.953,2.68,17.605,1.246,20.37,0.0,0.0,1.008,137.5
2002-09-30,505.67,114.14,187.84,160.9,112.5,16.483,53.929,4.783,26.71,0.581,31.312,-0.985,19.185,0.0,0.0,0.857,136.7
2002-10-31,528.57,109.7,190.32,156.25,112.5,1.32,54.305,-3.89,26.733,4.529,41.696,-2.89,14.974,0.0,0.0,0.821,134.38
2002-11-30,582.0,108.93,177.38,151.5,112.5,-6.799,41.598,-0.702,21.655,10.108,48.967,-3.04,7.829,0.0,0.0,0.854,132.0
2002-12-31,591.03,106.96,162.48,147.5,112.5,-8.4,32.702,-1.809,16.413,1.552,48.923,-2.64,4.118,0.0,0.0,0.908,130.0
2003-01-31,540.72,106.1361,149.608,149.75,112.5,-7.922,19.39,-0.77,15.39,-8.512,38.938,1.525,2.568,0.0,0.0,1.001,131.12
2003-02-28,522.43,105.8507,150.8382,155.25,112.5,0.822,22.354,-0.269,16.55,-3.383,43.163,3.673,3.328,0.0,0.0,1.029,133.88
2003-03-31,522.52,105.6047,141.8087,177.2,112.5,-5.986,15.724,-0.232,17.849,0.017,45.464,14.138,18.331,0.0,0.0,1.25,144.85
2003-04-30,540.9,105.457,138.6155,181.5,112.5,-2.252,12.04,-0.14,21.034,3.518,45.85,2.427,22.801,0.0,0.0,1.309,147.0
2003-05-31,549.24,107.4943,141.9618,178.4375,112.5,2.414,16.879,1.932,19.081,1.542,37.348,-1.687,24.023,0.0,0.0,1.257,145.47
2003-06-30,545.85,107.327,131.3528,171.3,112.5,-7.473,-0.513,-0.156,14.068,-0.617,19.492,-4.0,14.582,0.0,0.0,1.304,141.9
2003-07-31,531.41,96.80591,131.6174,176.375,112.5,0.201,-11.85,-9.803,-1.909,-2.645,8.533,2.963,9.891,0.0,0.0,1.34,144.44
2003-08-31,515.69,100.6591,148.7172,175.625,112.5,12.992,-7.778,3.98,-7.593,-2.958,2.574,-0.425,8.077,0.0,0.0,1.181,144.06
2003-09-30,558.02,104.0791,145.623,171.3,112.5,-2.081,-22.475,3.398,-8.815,8.208,10.353,-2.463,6.464,0.0,0.0,1.176,141.9
2003-10-31,608.26,105.3881,147.4558,166.375,112.5,1.259,-22.522,1.258,-3.931,9.003,15.077,-2.875,6.48,0.0,0.0,1.128,139.44
2003-11-30,630.62,108.4834,160.5453,169.375,112.5,8.877,-9.491,2.937,-0.41,3.676,8.354,1.803,11.799,0.0,0.0,1.055,140.94
2003-12-31,637.36,111.1555,165.5735,187.5,112.5,3.132,1.904,2.463,3.922,1.069,7.839,10.701,27.119,0.0,0.0,1.132,150.0
2004-01-31,656.97,115.520475,166.32713871053,204.25,112.5,0.455,11.175,3.927,8.842,3.077,21.499,8.933,36.394,0.0,0.0,1.228,158.38
2004-02-29,682.08,123.541705,161.3914671875,211.5,112.5,-2.967,6.996,6.944,16.713,3.822,30.559,3.55,36.232,0.0,0.0,1.31,162.0
2004-03-31,689.43,127.84758,166.279804218,205.3,112.5,3.029,17.256,3.485,21.062,1.078,31.943,-2.931,15.858,0.0,0.0,1.235,158.9
2004-04-30,672.46,133.496888,166.58442673929,199.375,112.5,0.183,20.177,4.419,26.589,-2.461,24.322,-2.886,9.848,0.0,0.0,1.197,155.94
2004-05-31,627.96,128.216655,163.73438647875,191.1,112.5,-1.711,15.337,-3.955,19.278,-6.617,14.333,-4.15,7.096,0.0,0.0,1.167,151.8
2004-06-30,581.74,123.32026,154.74334165714,190.625,112.5,-5.491,17.807,-3.819,14.901,-7.36,6.575,-0.249,11.281,0.0,0.0,1.232,151.56
2004-07-31,605.08,104.846826,150.60093028929,201.5,112.5,-2.677,14.423,-14.98,8.306,4.012,13.863,5.705,14.245,0.0,0.0,1.338,157.0
2004-08-31,604.65,104.054545,141.29480849743,208.1,125.9,-6.179,-4.991,-0.756,3.373,-0.071,17.251,3.275,18.491,11.911,11.911,1.473,167.0
2004-09-30,601.6,97.868848,151.034855535,208.5,143.5,6.893,3.716,-5.945,-5.967,-0.504,7.81,0.192,21.716,13.979,27.556,1.38,176.0
2004-10-31,583.49,93.79426,150.14600866071,211.75,146.0,-0.589,1.824,-4.163,-11.001,-3.01,-4.072,1.559,27.273,1.742,29.778,1.41,178.88
2004-11-30,561.19,93.74505,156.56866837624,213.8,151.2,4.278,-2.477,-0.052,-13.586,-3.822,-11.01,0.968,26.229,3.562,34.4,1.366,182.5
2004-12-31,552.06,95.388664,153.8743247,211.125,152.5,-1.721,-7.066,1.753,-14.184,-1.627,-13.383,-1.251,12.6,0.86,35.556,1.372,181.81
2005-01-31,519.98,96.25476,153.59313355875,208.6,152.5,-0.183,-7.656,0.908,-16.677,-5.811,-20.852,-1.196,2.13,0.0,35.556,1.358,180.55
2005-02-28,495.73,94.13873,151.1686798489,207.125,152.5,-1.578,-6.334,-2.198,-23.8,-4.664,-27.321,-0.707,-2.069,0.0,35.556,1.37,179.81
2005-03-31,543.69,99.876616,150.985863975,210.625,152.5,-0.121,-9.198,6.095,-21.878,9.675,-21.139,1.69,2.594,0.0,35.556,1.395,181.56
2005-04-30,545.88,96.279365,140.87698047857,214.75,152.5,-6.695,-15.432,-3.602,-27.879,0.403,-18.823,1.958,7.712,0.0,35.556,1.524,183.62
2005-05-31,537.98,95.41819,143.33005787571,217.2,152.5,1.741,-12.462,-0.894,-25.581,-1.447,-14.329,1.141,13.658,0.0,35.556,1.515,184.85
2005-06-30,560.15,97.101172,141.93077620909,224.25,152.5,-0.976,-8.28,1.764,-21.261,4.121,-3.711,3.246,17.639,0.0,35.556,1.58,188.38
2005-07-31,561.26,107.52385,143.869839885,228.25,152.5,1.366,-4.469,10.734,2.553,0.198,-7.242,1.784,13.275,0.0,35.556,1.587,190.38
2005-08-31,550.08,101.66786,149.35902467283,231.5,152.5,3.815,5.707,-5.446,-2.294,-1.992,-9.025,1.424,11.245,0.0,21.128,1.55,192.0
2005-09-30,545.16,96.35318,159.70865813438,240.75,152.5,6.929,5.743,-5.227,-1.549,-0.894,-9.382,3.996,15.468,0.0,6.272,1.507,196.62
2005-10-31,578.62,101.938515,167.826712725,246.375,152.5,5.083,11.776,5.797,8.683,6.138,-0.835,2.336,16.352,0.0,4.452,1.468,199.44
2005-11-30,558.93,95.36898,161.11635164432,246.125,167.5,-3.998,2.905,-6.445,1.732,-3.403,-0.403,-0.101,15.119,9.836,10.78,1.528,206.81
2005-12-31,537.66,102.140276,164.44104598929,245.875,167.5,2.064,6.867,7.1,7.078,-3.805,-2.608,-0.102,16.459,0.0,9.836,1.495,206.69
2006-01-31,535.83,102.65206,167.16073370625,244.3,167.5,1.654,8.833,0.501,6.646,-0.34,3.048,-0.641,17.114,0.0,9.836,1.461,205.9
2006-02-28,533.27,107.13017,179.84092587632,238.125,167.5,7.586,18.967,4.362,13.8,-0.478,7.573,-2.528,14.967,0.0,9.836,1.324,202.81
2006-03-31,540.6,105.250348,174.43598036625,233.625,167.5,-3.005,15.531,-1.755,5.38,1.375,-0.568,-1.89,10.92,0.0,9.836,1.339,200.56
2006-04-30,540.44,107.72069,180.34605464495,231.75,167.5,3.388,28.017,2.347,11.883,-0.03,-0.997,-0.803,7.916,0.0,9.836,1.285,199.62
2006-05-31,588.29,110.648685,193.16672228571,232.9,167.5,7.109,34.771,2.718,15.962,8.854,9.352,0.496,7.228,0.0,9.836,1.206,200.2
2006-06-30,600.55,109.403672,195.164003205,232.375,167.5,1.034,37.506,-1.125,12.67,2.084,7.212,-0.225,3.623,0.0,9.836,1.191,199.94
2006-07-31,630.01,113.99108,202.42861353947,230.3,172.5,3.722,40.703,4.193,6.015,4.906,12.249,-0.893,0.898,2.985,13.115,1.138,201.4
2006-08-31,632.18,116.588332,189.91466889546,228.25,192.5,-6.182,27.153,2.278,14.676,0.344,14.925,-0.89,-1.404,11.594,26.23,1.202,210.38
2006-09-30,602.35,121.74554,195.9815498625,225.125,192.5,3.195,22.712,4.423,26.353,-4.719,10.49,-1.369,-6.49,0.0,26.23,1.149,208.81
2006-10-31,614.71,142.16769,212.09408658214,218.5,192.5,8.221,26.377,16.774,39.464,2.052,6.237,-2.943,-11.314,0.0,26.23,1.03,205.5
2006-11-30,675.67,164.538556,209.68065367105,219.375,192.5,-1.138,30.142,15.736,72.528,9.917,20.886,0.4,-10.868,0.0,14.925,1.046,205.94
2006-12-31,698.12,160.37539,204.30628759688,223.83333333333,192.5,-2.563,24.243,-2.53,57.015,3.323,29.844,2.032,-8.965,0.0,14.925,1.096,208.17
2007-01-31,697.33,164.774764,196.06615699737,249.2,192.5,-4.033,17.292,2.743,60.518,-0.113,30.14,11.333,2.006,0.0,14.925,1.271,220.85
2007-02-28,715.04,177.3489032,199.98225866842,317.625,192.5,1.997,11.2,7.631,65.545,2.54,34.086,27.458,33.386,0.0,14.925,1.588,255.06
2007-03-31,719.03,170.5067448,199.09820044286,387.0,192.5,-0.442,14.138,-3.858,62.001,0.558,33.006,21.842,65.65,0.0,14.925,1.944,289.75
2007-04-30,753.7,152.74784,198.3077916102,404.6,192.5,-0.397,9.96,-10.415,41.8,4.822,39.46,4.548,74.585,0.0,14.925,2.04,298.55
2007-05-31,788.7,160.22776,195.7212822,392.0,192.5,-1.304,1.322,4.897,44.808,4.644,34.067,-3.114,68.313,0.0,14.925,2.003,292.25
2007-06-30,835.55,165.24718,223.0391801875,387.875,192.5,13.958,14.283,3.133,51.044,5.94,39.131,-1.052,66.918,0.0,14.925,1.739,290.19
2007-07-31,887.12,146.84264,238.40670983625,398.5,192.5,6.89,17.773,-11.138,28.819,6.172,40.81,2.739,73.035,0.0,11.594,1.672,295.5
2007-08-31,921.79,151.17312,259.72730786209,401.625,192.5,8.943,36.76,2.949,29.664,3.908,45.811,0.784,75.958,0.0,0.0,1.546,297.06
2007-09-30,977.48,159.4404,326.54486304474,399.625,197.5,25.726,66.62,5.469,30.962,6.042,62.278,-0.498,77.512,2.597,2.597,1.224,298.56
2007-10-31,1007.69,164.16456,335.14620304891,406.0,202.5,2.634,58.018,2.963,15.472,3.091,63.929,1.595,85.812,2.532,5.195,1.211,304.25
2007-11-30,1141.52,171.2508,321.81330975,447.0,202.5,-3.978,53.478,4.317,4.079,13.281,68.946,10.099,103.761,0.0,5.195,1.389,324.75
2007-12-31,1187.73,180.2542616,368.62006231324,512.5,202.5,14.545,80.425,5.257,12.395,4.048,70.133,14.653,128.965,0.0,5.195,1.39,357.5
2008-01-31,1280.2,206.662316,370.6609570425,593.875,230.625,0.554,89.049,14.65,25.421,7.785,83.586,15.878,138.313,13.889,19.805,1.602,412.25
2008-02-29,1414.17,220.06712,424.995659055,692.5,240.0,14.659,112.517,6.486,24.087,10.465,97.775,16.607,118.024,4.065,24.675,1.629,466.25
2008-03-31,1488.74,234.357704,439.71609184875,862.2,240.0,3.464,120.854,6.494,37.448,5.273,107.048,24.505,122.791,0.0,24.675,1.961,551.1
2008-04-30,1422.23,246.44368,362.22924711171,953.5,393.0,-17.622,82.66,5.157,61.34,-4.468,88.7,10.589,135.665,63.75,104.156,2.632,673.25
2008-05-31,1437.87,243.4556488,328.76171271686,997.5,546.0,-9.239,67.974,-1.212,51.943,1.1,82.309,4.615,154.464,38.931,183.636,3.034,771.75
2008-06-30,1535.16,287.110824,348.55307816786,1004.1,546.0,6.02,56.274,17.931,73.746,6.766,83.73,0.662,158.872,0.0,183.636,2.881,775.05
2008-07-31,1506.98,265.34032,328.18360435568,1075.75,546.0,-5.844,37.657,-7.583,80.697,-1.836,69.873,7.136,169.95,0.0,183.636,3.278,810.88
2008-08-31,1329.64,235.02696,329.34415053553,1065.0,546.0,0.354,26.804,-11.424,55.469,-11.768,44.245,-0.999,165.173,0.0,183.636,3.234,805.5
2008-09-30,1201.02,233.84592,295.55033419286,980.0,546.0,-10.261,-9.492,-0.503,46.667,-9.673,22.869,-7.981,145.23,0.0,176.456,3.316,763.0
2008-10-31,942.53,183.0612,237.38407758587,910.0,546.0,-19.681,-29.17,-21.717,11.511,-21.523,-6.466,-7.143,124.138,0.0,169.63,3.833,728.0
2008-11-30,825.64,163.77088,226.8462326625,710.0,546.0,-4.439,-29.51,-10.538,-4.368,-12.402,-27.672,-21.978,58.837,0.0,169.63,3.13,628.0
2008-12-31,745.55,158.25936,220.1354096,495.0,546.0,-2.958,-40.281,-3.365,-12.202,-9.7,-37.229,-30.282,-3.415,0.0,169.63,2.249,520.5
2009-01-31,789.89,172.82552,239.11426721842,308.875,546.0,8.621,-35.49,9.204,-16.373,5.947,-38.299,-37.601,-47.99,0.0,136.748,1.292,427.44
2009-02-28,747.64,163.3772,224.68754205,313.75,580.125,-6.033,-47.132,-5.467,-25.76,-5.349,-47.132,1.578,-54.693,6.25,141.719,1.396,446.94
2009-03-31,730.71,164.55824,230.981732721,317.8,682.5,2.801,-47.47,0.723,-29.783,-2.264,-50.918,1.291,-63.141,17.647,184.375,1.376,500.15
2009-04-30,809.08,168.49504,233.47312851686,300.625,682.5,1.079,-35.545,2.392,-31.629,10.725,-43.112,-5.404,-68.471,0.0,73.664,1.288,491.56
2009-05-31,889.62,179.91176,261.48173459625,267.875,682.5,11.997,-20.465,6.776,-26.101,9.955,-38.129,-10.894,-73.145,0.0,25.0,1.024,475.19
2009-06-30,892.92,179.51808,256.6449314908,256.1,682.5,-1.85,-26.368,-0.219,-37.474,0.371,-41.835,-4.396,-74.495,0.0,25.0,0.998,469.3
2009-07-31,846.3,151.5668,224.85038331477,263.25,615.625,-12.389,-31.486,-15.57,-42.878,-5.221,-43.841,2.792,-75.529,-9.799,12.752,1.171,439.44
2009-08-31,903.15,151.96048,210.37290809743,276.4,530.0,-6.439,-36.124,0.26,-35.343,6.717,-32.076,4.995,-74.047,-13.909,-2.93,1.314,403.2
2009-09-30,858.18,150.38576,191.09332947857,280.625,425.0,-9.164,-35.343,-1.036,-35.69,-4.979,-28.546,1.529,-71.365,-19.811,-22.161,1.469,352.81
2009-10-31,897.0,167.314,198.84886839643,271.625,425.0,4.059,-16.233,11.257,-8.602,4.524,-4.831,-3.207,-70.151,0.0,-22.161,1.366,348.31
2009-11-30,932.38,171.64448,211.03834934118,273.2,425.0,6.13,-6.969,2.588,4.808,3.944,12.928,0.58,-61.521,0.0,-22.161,1.295,349.1
2009-12-31,939.91,164.55824,206.2514056275,331.5,425.0,-2.268,-6.307,-4.128,3.98,0.808,26.069,21.34,-33.03,0.0,-22.161,1.607,378.25
2010-01-31,920.55,167.314,201.19093202368,383.0,389.375,-2.454,-15.86,1.675,-3.189,-2.06,16.542,15.535,23.998,-8.382,-28.686,1.904,386.19
2010-02-28,909.19,161.80248,194.0,413.625,374.375,-3.574,-13.658,-3.294,-0.964,-1.234,21.608,7.996,31.833,-3.852,-35.466,2.132,394.0
2010-03-31,911.07,159.04672,191.07507175435,424.5,340.0,-1.508,-17.277,-1.703,-3.349,0.207,24.683,2.629,33.575,-9.182,-50.183,2.222,382.25
2010-04-30,902.83,157.07832,192.87,417.5,340.0,0.939,-17.391,-1.238,-6.776,-0.904,11.587,-1.649,38.877,0.0,-50.183,2.165,378.75
2010-05-31,859.49,163.3772,181.605588975,410.0,334.5,-5.84,-30.548,4.01,-9.19,-4.8,-3.387,-1.796,53.056,-1.618,-50.989,2.258,372.25
2010-06-30,860.28,152.74784,157.67209847046,392.5,312.5,-13.179,-38.564,-6.506,-14.912,0.092,-3.655,-4.268,53.26,-6.577,-54.212,2.489,352.5
2010-07-31,910.82,163.75682,195.81769059129,418.125,312.5,24.193,-12.912,7.207,8.043,5.875,7.624,6.529,58.832,0.0,-49.239,2.135,365.31
2010-08-31,997.62,175.58128,246.24722445586,459.9,312.5,25.753,17.053,7.221,15.544,9.53,10.46,9.991,66.389,0.0,-41.038,1.868,386.2
2010-09-30,1035.26,205.89464,271.67359754743,506.0,312.5,10.326,42.168,17.265,36.911,3.773,20.634,10.024,80.312,0.0,-26.471,1.863,409.25
2010-10-31,1146.75,235.81432,270.23219586429,557.25,312.5,-0.531,35.898,14.532,40.941,10.769,27.843,10.128,105.154,0.0,-26.471,2.062,434.88
2010-11-30,1231.69,238.1764,274.08076079559,554.1,322.5,1.424,29.872,1.002,38.761,7.407,32.102,-0.565,102.818,3.2,-24.118,2.022,438.3
2010-12-31,1324.72,250.38048,306.5201043804,540.625,322.5,11.836,48.615,5.124,52.153,7.553,40.941,-2.432,63.084,0.0,-24.118,1.764,431.56
2011-01-31,1365.73,264.94664,326.55656760729,547.4,322.5,6.537,62.312,5.818,58.353,3.096,48.36,1.253,42.924,0.0,-17.175,1.676,434.95
2011-02-28,1359.86,292.89792,348.1203485495,413.625,374.375,6.603,79.443,10.55,81.022,-0.43,49.568,-24.438,0.0,16.085,0.0,1.188,394.0
2011-03-31,1306.53,290.53584,316.74657066378,424.5,340.0,-9.012,65.771,-0.806,82.673,-3.922,43.406,2.629,0.0,-9.182,0.0,1.34,382.25
2011-04-30,1310.45,319.27448,336.12429558105,417.5,340.0,6.118,74.275,9.892,103.258,0.3,45.149,-1.649,0.0,0.0,0.0,1.242,378.75
2011-05-31,1296.03,307.85776,355.27788556364,410.0,334.5,5.698,95.632,-3.576,88.434,-1.1,50.791,-1.796,0.0,-1.618,0.0,1.154,372.25
2011-06-30,1319.38,310.61352,326.42992919659,575.875,355.0,-8.12,107.031,0.895,103.351,1.802,53.366,40.457,46.72,6.129,13.6,1.764,465.44
2011-07-31,1337.36,300.77152,303.88392977625,597.625,442.5,-6.907,55.187,-3.169,83.67,1.363,46.83,3.777,42.93,24.648,41.6,1.967,520.06
2011-08-31,1328.39,310.21984,327.06658952609,597.4,442.5,7.629,32.82,3.141,76.682,-0.671,33.156,-0.038,29.898,0.0,41.6,1.827,519.95
2011-09-30,1307.85,295.26,315.91622907614,587.875,442.5,-3.409,16.285,-4.822,43.403,-1.546,26.331,-1.594,16.181,0.0,41.6,1.861,515.19
2011-10-31,1223.1,274.78864,289.01083578214,571.4,435.0,-8.517,6.949,-6.933,16.528,-6.48,6.658,-2.802,2.539,-1.695,39.2,1.977,503.2
2011-11-30,1213.96,274.39496,281.0064022425,563.5,435.0,-2.77,2.527,-0.143,15.207,-0.747,-1.439,-1.383,1.696,0.0,34.884,2.005,499.25
2011-12-31,1203.28,258.64776,269.0300071375,488.75,450.0,-4.262,-12.231,-5.739,3.302,-0.88,-9.167,-13.265,-9.595,3.448,39.535,1.817,469.38
2012-01-31,1216.28,272.844845,274.89317414625,451.4,495.0,2.179,-15.821,5.489,2.981,1.08,-10.943,-7.642,-17.537,10.0,53.488,1.642,473.2
2012-02-29,1249.12,279.458669,277.7729592825,435.5,495.0,1.048,-20.208,2.424,-4.588,2.7,-8.143,-3.522,5.289,0.0,32.22,1.568,465.25
2012-03-31,1285.38,280.69384,283.87825408636,442.875,495.0,2.198,-10.377,0.442,-3.388,2.903,-1.619,1.693,4.329,0.0,45.588,1.56,468.94
2012-04-30,1308.89,274.00128,266.32392179211,478.0,477.5,-6.184,-20.766,-2.384,-14.18,1.829,-0.119,7.931,14.491,-3.535,40.441,1.795,477.75
2012-05-31,1220.55,269.27712,264.35872401848,490.5,477.5,-0.738,-25.591,-1.724,-12.532,-6.749,-5.824,2.615,19.634,0.0,42.75,1.855,484.0
2012-06-30,1181.93,267.30872,276.1899195,501.625,477.5,4.475,-15.391,-0.731,-13.942,-3.164,-10.418,2.268,-12.893,0.0,34.507,1.816,489.56
2012-07-31,1239.49,333.05328,345.68794675714,436.875,279.5,25.163,13.757,24.595,10.733,4.87,-7.318,-12.908,-26.898,-41.466,-36.836,1.264,358.19
2012-08-31,1250.27,331.99205565217,349.40035068261,504.5,477.5,1.074,6.829,-0.319,7.018,0.87,-5.881,15.479,-15.551,70.841,7.91,1.444,491.0
2012-09-30,1280.95,320.8492,353.42092377237,527.375,477.5,1.151,11.872,-3.356,8.667,2.454,-2.057,4.534,-10.291,0.0,7.91,1.492,502.44
2012-10-31,1177.95,321.24288,358.195666995,533.5,477.5,1.351,23.938,0.123,16.905,-8.041,-3.691,1.161,-6.633,0.0,9.77,1.489,505.5
2012-11-30,1137.78,321.63656,360.8228394,487.875,477.5,0.733,28.404,0.123,17.217,-3.41,-6.275,-8.552,-13.421,0.0,9.77,1.352,482.69
2012-12-31,1158.64,308.64512,347.9625549,472.83333333333,477.5,-3.564,29.34,-4.039,19.33,1.833,-3.71,-3.083,-3.257,0.0,6.111,1.359,475.17
2013-01-31,1192.35,303.1336,335.4697071,462.25,395.0,-3.59,22.036,-1.786,11.101,2.909,-1.967,-2.238,2.404,-17.277,-20.202,1.378,428.62
2013-02-28,1173.48,302.73992,318.9350556,464.5,395.0,-4.929,14.819,-0.13,8.331,-1.583,-6.055,0.487,6.659,0.0,-20.202,1.456,429.75
2013-03-31,1117.43,309.0388,309.7491381,467.625,395.0,-2.88,9.113,2.081,10.098,-4.776,-13.066,0.673,5.588,0.0,-20.202,1.51,431.31
2013-04-30,1094.52,279.90648,308.2793913,461.125,395.0,-0.474,15.754,-9.427,2.155,-2.05,-16.378,-1.39,-3.53,0.0,-17.277,1.496,428.06
2013-05-31,1073.2,295.5375444,319.669929,421.25,395.0,3.695,20.923,5.584,9.752,-1.948,-12.072,-8.647,-14.118,0.0,-17.277,1.318,408.12
2013-06-30,1037.75,298.40944,313.4235051,424.125,395.0,-1.954,13.481,0.972,11.635,-3.303,-12.199,0.682,-15.45,0.0,-17.277,1.353,409.56
2013-07-31,990.31,279.5128,304.6050243,409.625,395.0,-2.814,-11.884,-6.332,-16.076,-4.571,-20.103,-3.419,-6.237,0.0,41.324,1.345,402.31
2013-08-31,994.65,238.73560454546,305.3398977,400.375,395.0,0.241,-12.61,-14.589,-28.09,0.438,-20.445,-2.258,-20.639,0.0,-17.277,1.311,397.69
2013-09-30,1019.72,207.405387,307.50777423,374.8,395.0,0.71,-12.991,-13.123,-35.357,2.52,-20.393,-6.388,-28.931,0.0,-17.277,1.219,384.9
2013-10-31,990.96,201.72521090909,325.6867049625,370.0,395.0,5.912,-9.076,-2.739,-37.205,-2.82,-15.874,-1.281,-30.647,0.0,-17.277,1.136,382.5
2013-11-30,989.83,199.13474,306.75162817895,334.375,395.0,-5.814,-14.986,-1.284,-38.087,-0.114,-13.003,-9.628,-31.463,0.0,-17.277,1.09,364.69
2013-12-31,990.52,197.391152,291.55664720357,341.625,395.0,-4.954,-16.21,-0.876,-36.046,0.07,-14.51,2.168,-27.749,0.0,-17.277,1.172,368.31
2014-01-31,942.1,198.0643448,275.577525,403.375,395.0,-5.481,-17.853,0.341,-34.661,-4.888,-20.988,18.075,-12.737,0.0,0.0,1.464,399.19
2014-02-28,970.96,209.3235928,292.1121765,450.125,307.625,6.0,-8.41,5.685,-30.857,3.063,-17.258,11.59,-3.095,-22.12,-22.12,1.541,378.88
2014-03-31,996.67,222.33078,323.7117327,486.5,278.5,10.818,4.508,6.214,-28.057,2.648,-10.807,8.081,4.036,-9.468,-29.494,1.503,382.5
2014-04-30,1001.69,222.3583376,324.8140428,409.0,299.0,0.341,5.364,0.012,-20.56,0.504,-8.481,-15.93,-11.304,7.361,-24.304,1.259,354.0
2014-05-31,961.81,217.2956128,334.7348337,413.5625,300.875,3.054,4.713,-2.277,-26.474,-3.981,-10.379,1.116,-1.825,0.627,-23.829,1.235,357.22
2014-06-30,925.82,202.3948248,306.4422078,421.375,301.5,-8.452,-2.227,-6.857,-32.175,-3.742,-10.786,1.889,-0.648,0.208,-23.671,1.375,361.44
2014-07-31,897.43,182.726572,280.3542021,440.625,279.5,-8.513,-7.961,-9.718,-34.627,-3.066,-9.379,4.568,7.568,-7.297,-29.241,1.572,360.06
2014-08-31,861.77,176.4237552,263.4521139,446.5,279.5,-6.029,-13.718,-3.449,-26.101,-3.974,-13.359,1.333,11.52,0.0,-29.241,1.695,363.0
2014-09-30,839.82,163.0583192,243.6105321,438.1,279.5,-7.531,-20.779,-7.576,-21.382,-2.547,-17.642,-1.881,16.889,0.0,-29.241,1.798,358.8
2014-10-31,833.03,163.121308,245.4477156,418.75,279.5,0.754,-24.637,0.039,-19.137,-0.809,-15.937,-4.417,13.176,0.0,-29.241,1.706,349.12
2014-11-30,825.98,178.7425304,258.6754368,408.75,279.5,5.389,-15.673,9.576,-10.24,-0.846,-16.553,-2.388,22.243,0.0,-29.241,1.58,344.12
2014-12-31,814.55,178.7346568,269.6985378,418.375,279.5,4.261,-7.497,-0.004,-9.452,-1.384,-17.765,2.355,22.466,0.0,-29.241,1.551,348.94
2015-01-31,796.58,174.7073104,248.3872092,440.25,279.5,-7.902,-9.867,-2.253,-11.793,-2.206,-15.446,5.229,9.142,0.0,-29.241,1.772,359.88
2015-02-28,762.61,173.6955528,236.9966715,444.125,279.5,-4.586,-18.868,-0.579,-17.021,-4.264,-21.458,0.88,-1.333,0.0,-9.143,1.874,361.81
2015-03-31,749.93,174.2270208,230.7502476,428.8,283.4,-2.636,-28.717,0.306,-21.636,-1.663,-24.756,-3.451,-11.86,1.395,1.759,1.858,356.1
2015-04-30,747.74,172.0539072,223.4015136,409.0,299.0,-3.185,-31.222,-1.247,-22.623,-0.292,-25.352,-4.618,0.0,5.505,0.0,1.831,354.0
2015-05-31,785.13,166.2943688,215.3179062,413.5625,300.875,-3.618,-35.675,-3.348,-23.471,5.0,-18.37,1.116,0.0,0.627,0.0,1.921,357.22
2015-06-30,788.21,166.7195432,209.8063557,421.375,301.5,-2.56,-31.535,0.256,-17.627,0.392,-14.864,1.889,0.0,0.208,0.0,2.008,361.44
2015-07-31,752.32,179.596816,197.3135079,431.5,301.5,-5.954,-29.62,7.724,-1.713,-4.553,-16.17,2.403,-2.071,0.0,7.871,2.187,366.5
2015-08-31,728.33,162.5937768,179.6765463,434.625,301.5,-8.939,-31.799,-9.467,-7.839,-3.189,-15.484,0.724,-2.66,0.0,7.871,2.419,368.06
2015-09-30,720.4,165.621176,172.695249,428.0,301.5,-3.885,-29.11,1.862,1.572,-1.089,-14.22,-1.524,-2.305,0.0,7.871,2.478,364.75
2015-10-31,743.3,171.388588,172.709946468,423.75,301.5,0.009,-29.635,3.482,5.068,3.179,-10.772,-0.993,1.194,0.0,7.871,2.454,362.62
2015-11-30,727.34,166.1565808,177.1044894,383.875,301.5,2.544,-31.534,-3.053,-7.041,-2.147,-11.942,-9.41,-6.086,0.0,7.871,2.168,342.69
2015-12-31,765.7,163.948036,189.2299005,340.625,301.5,6.846,-29.837,-1.329,-8.273,5.274,-5.997,-11.267,-18.584,0.0,7.871,1.8,321.06
2016-01-31,736.03,161.0269304,193.2717042,327.125,301.5,2.136,-22.189,-1.782,-7.83,-3.875,-7.601,-3.963,-25.696,0.0,7.871,1.693,314.31
2016-02-29,767.24,159.676608,187.0252803,326.0,301.5,-3.232,-21.085,-0.839,-8.071,4.24,0.607,-0.344,-26.597,0.0,7.871,1.743,313.75
2016-03-31,765.61,159.1372664,191.067084,338.125,301.5,2.161,-17.197,-0.338,-8.661,-0.212,2.091,3.719,-21.146,0.0,6.387,1.77,319.81
2016-04-30,794.13,164.4125784,187.392717,330.5,301.5,-1.923,-16.118,3.315,-4.441,3.725,6.204,-2.255,-19.193,0.0,0.836,1.764,316.0
2016-05-31,795.64,168.9556456,171.9603756,313.5,301.5,-8.235,-20.137,2.763,1.6,0.19,1.339,-5.144,-24.195,0.0,0.208,1.823,307.5
2016-06-30,799.91,179.872392,173.0626857,306.625,301.5,0.641,-17.513,6.461,7.889,0.537,1.484,-2.193,-27.232,0.0,0.0,1.772,304.06
2016-07-31,796.67,161.7591752,151.7513571,305.2,282.5,-12.314,-23.091,-10.07,-9.932,-0.405,5.895,-0.465,-29.27,-6.302,-6.302,2.011,293.85
2016-08-31,824.42,150.1534888,149.1793002,318.0625,206.5,-1.695,-16.973,-7.175,-7.651,3.483,13.193,4.214,-26.819,-26.903,-31.509,2.132,262.28
2016-09-30,837.21,148.4252336,150.649047,320.0,206.5,0.985,-12.766,-1.151,-10.383,1.551,16.215,0.609,-25.234,0.0,-31.509,2.124,263.25
2016-10-31,861.26,152.2596768,151.7513571,310.0,206.5,0.732,-12.135,2.583,-11.161,2.873,15.87,-3.125,-26.844,0.0,-31.509,2.043,258.25
2016-11-30,885.11,151.803008,150.649047,298.0,206.5,-0.726,-14.938,-0.3,-8.639,2.769,21.691,-3.871,-22.371,0.0,-31.509,1.978,252.25
2016-12-31,916.7,152.4486432,141.8305662,296.625,206.5,-5.854,-25.049,0.425,-7.014,3.569,19.721,-0.461,-12.917,0.0,-31.509,2.091,251.56
2017-01-31,876.85,159.9876152,153.2211039,308.0,206.5,8.031,-20.722,4.945,-0.645,-4.347,19.132,3.835,-5.846,0.0,-31.509,2.01,257.25
2017-02-28,839.6,162.8575424,155.0582874,326.0,301.5,1.199,-17.092,1.794,1.992,-4.248,9.431,5.844,0.0,46.005,0.0,2.102,313.75
2017-03-31,814.94,158.9640472,154.323414,325.625,206.5,-0.474,-19.231,-2.391,-0.109,-2.937,6.443,-0.115,-3.697,-31.509,-31.509,2.11,266.06
2017-04-30,794.04,156.4405584,166.0813884,313.125,206.5,7.619,-11.373,-1.587,-4.849,-2.565,-0.011,-3.839,-5.257,0.0,-31.509,1.885,259.81
2017-05-31,825.06,158.5900512,180.4114197,309.25,206.5,8.628,4.915,1.374,-6.135,3.907,3.698,-1.238,-1.356,0.0,-31.509,1.714,257.88
2017-06-30,832.95,157.9326056,189.5973372,310.3,206.5,5.092,9.554,-0.415,-12.197,0.956,4.13,0.34,1.199,0.0,-31.509,1.637,258.4
2017-07-31,835.6,157.511368,202.4576217,313.75,207.25,6.783,33.414,-0.267,-2.626,0.318,4.887,1.112,2.801,0.363,-26.637,1.55,260.5
2017-08-31,861.72,148.496096,171.2255022,320.75,215.5,-15.426,14.778,-5.724,-1.104,3.126,4.524,2.231,0.845,3.981,4.358,1.873,268.12
2017-09-30,889.44,147.2914352,178.5742362,325.9,215.5,4.292,18.537,-0.811,-0.764,3.217,6.239,1.606,1.844,0.0,4.358,1.825,270.7
2017-10-31,880.6,148.6220736,175.6347426,322.375,215.5,-1.646,15.738,0.903,-2.389,-0.994,2.246,-1.082,3.992,0.0,4.358,1.835,268.94
2017-11-30,886.77,148.7047464,179.6765463,344.0,215.5,2.301,19.268,0.056,-2.041,0.701,0.188,6.708,15.436,0.0,4.358,1.915,279.75
2017-12-31,867.19,148.9803224,184.0857867,357.25,215.5,2.454,29.793,0.185,-2.275,-2.208,-5.401,3.852,20.438,0.0,4.358,1.941,286.38
2018-01-31,870.5,155.838228,192.1693941,360.375,215.5,4.391,25.42,4.603,-2.594,0.382,-0.724,0.875,17.005,0.0,4.358,1.875,287.94
2018-02-28,843.56,163.357516,192.1693941,370.0,215.5,0.0,23.934,4.825,0.307,-3.095,0.472,2.671,13.497,0.0,-28.524,1.925,292.75
2018-03-31,836.68,171.998792,192.1693941,378.0,215.5,0.0,24.524,5.29,8.2,-0.816,2.668,2.162,16.084,0.0,4.358,1.967,296.75
2018-04-30,831.85,175.6049008,213.8481594,384.75,215.5,11.281,28.761,2.097,12.25,-0.577,4.762,1.786,22.874,0.0,4.358,1.799,300.12
2018-05-31,793.25,179.085032,213.8481594,384.375,215.5,0.0,18.534,1.982,12.923,-4.64,-3.855,-0.097,24.293,0.0,4.358,1.797,299.94
2018-06-30,788.57,165.070024,219.3597099,391.6,215.5,2.577,15.698,-7.826,4.519,-0.59,-5.328,1.88,26.2,0.0,4.358,1.785,303.55
2018-07-31,780.45,156.4602424,218.2573998,400.75,215.5,-0.503,7.804,-5.216,-0.667,-1.03,-6.6,2.337,27.729,0.0,3.981,1.836,308.12
2018-08-31,761.82,162.373316,236.6292348,409.0,215.5,8.418,38.197,3.779,9.345,-2.387,-11.593,2.059,27.514,0.0,0.0,1.728,312.25
2018-09-30,754.05,154.8028496,212.3784126,421.63,215.5,-10.248,18.93,-4.662,5.1,-1.02,-15.222,3.088,29.374,0.0,0.0,1.985,318.56
2018-10-31,751.58,160.2553176,213.4807227,420.75,215.5,0.519,21.548,3.522,7.827,-0.328,-14.651,-0.209,30.516,0.0,0.0,1.971,318.12
2018-11-30,729.22,160.6883656,203.5599318,410.2,215.5,-4.647,13.292,0.27,8.059,-2.975,-17.767,-2.507,19.244,0.0,0.0,2.015,312.85
2018-12-31,727.88,167.4399776,211.2761025,389.67,215.5,3.791,14.77,4.202,12.391,-0.184,-16.065,-5.005,9.075,0.0,0.0,1.844,302.59
2019-01-31,747.79,166.743164,209.8063557,382.13,215.5,-0.696,9.178,-0.416,6.998,2.735,-14.096,-1.935,6.037,0.0,0.0,1.821,298.82
2019-02-28,772.82,169.5225448,218.9922732,357.38,215.5,4.378,13.958,1.667,3.774,3.347,-8.386,-6.477,-3.411,0.0,0.0,1.632,286.44
2019-03-31,750.33,166.2235064,205.764552,335.03,245.5,-6.04,7.075,-1.946,-3.358,-2.91,-10.321,-6.254,-11.368,13.921,13.921,1.628,290.26
2019-04-30,733.77,161.487536,199.5181281,323.75,265.5,-3.036,-6.701,-2.849,-8.039,-2.207,-11.791,-3.367,-15.854,8.147,23.202,1.623,294.62
2019-05-31,742.53,171.0815176,199.5181281,313.4,265.5,0.0,-6.701,5.941,-4.469,1.194,-6.394,-3.197,-18.465,0.0,23.202,1.571,289.45
2019-06-30,742.89,195.0802504,206.1319887,314.88,265.5,3.315,-6.03,14.028,18.18,0.048,-5.793,0.472,-19.591,0.0,23.202,1.528,290.19
2019-07-31,748.17,189.419132,196.2111978,307.5,265.5,-4.813,-10.101,-2.902,21.065,0.711,-4.136,-2.344,-23.269,0.0,23.202,1.567,286.5
2019-08-31,793.21,163.5858504,181.1462931,292.9,265.5,-7.678,-23.447,-13.638,0.747,6.02,4.12,-4.748,-28.386,0.0,23.202,1.617,279.2
2019-09-30,779.25,157.2594128,189.5973372,285.75,265.5,4.665,-10.727,-3.867,1.587,-1.76,3.342,-2.441,-32.227,0.0,23.202,1.507,275.62
2019-10-31,770.8,167.1486544,199.5181281,277.38,265.5,5.233,-6.54,6.288,4.301,-1.084,2.557,-2.929,-34.075,0.0,23.202,1.39,271.44
2019-11-30,770.2,166.3337368,203.1924951,248.0,265.5,1.842,-0.181,-0.488,3.513,-0.078,5.62,-10.592,-39.542,0.0,23.202,1.221,256.75
2019-12-31,833.52,166.9557512,210.9086658,238.16,265.5,3.797,-0.174,0.374,-0.289,8.221,14.513,-3.968,-38.882,0.0,23.202,1.129,251.83
2020-01-31,875.64,171.7862048,224.5038237,264.9,268.7,6.446,7.005,2.893,3.024,5.053,17.097,11.228,-30.678,1.205,24.687,1.18,266.8
2020-02-29,800.41,168.711564,215.3179062,279.38,243.38,-4.092,-1.678,-1.79,-0.478,-8.591,3.57,5.466,-21.826,-9.423,12.937,1.298,261.38
2020-03-31,747.8,162.4205576,209.0714823,276.22,235.0,-2.901,1.607,-3.729,-2.288,-6.573,-0.337,-1.131,-17.554,-3.443,-4.277,1.321,255.61
2020-04-30,679.98,146.9095656,218.9922732,282.0,220.38,4.745,9.761,-9.55,-9.027,-9.069,-7.331,2.093,-12.896,-6.221,-16.994,1.288,251.19
2020-05-31,684.78,143.9057872,205.764552,263.0,222.2,-6.04,3.131,-2.045,-15.885,0.706,-7.777,-6.738,-16.082,0.826,-16.309,1.278,242.6
2020-06-30,755.71,147.9882488,198.415818,273.0,226.25,-3.571,-3.743,2.837,-24.14,10.358,1.726,3.802,-13.3,1.823,-14.783,1.376,249.62
2020-07-31,821.11,152.5549368,222.13,305.1,237.5,11.952,13.21,3.086,-19.462,8.654,9.749,11.758,-0.78,4.972,-10.546,1.374,271.3
2020-08-31,866.94,149.342508,223.0,341.88,240.38,0.392,23.105,-2.106,-8.707,5.581,9.295,12.055,16.722,1.213,-9.461,1.533,291.13
2020-09-30,905.86,166.0817816,247.68,358.38,247.75,11.067,30.635,11.209,5.61,4.489,16.248,4.826,25.417,3.066,-6.685,1.447,303.06
2020-10-31,914.77,186.7460448,272.36,357.1,255.0,9.964,36.509,12.442,11.725,0.984,18.678,-0.357,28.74,2.926,-3.955,1.311,306.05
2020-11-30,973.88,190.3757744,273.0,359.63,250.0,0.235,34.355,1.944,14.454,6.462,26.445,0.708,45.012,-1.961,-5.838,1.317,304.82
2020-12-31,1026.1958677686,198.769032,268.55,388.5,246.33,-1.63,27.33,4.409,19.055,5.372,23.116,8.028,63.126,-1.468,-7.22,1.447,317.42
2021-01-31,1098.67,234.4679501472,289.3,421.3,255.5,7.727,28.862,17.96,36.488,7.062,25.471,8.443,59.041,3.723,-4.913,1.456,338.4
2021-02-28,1123.5,245.2350824,289.4,528.88,290.63,0.035,34.406,4.592,45.358,2.26,40.366,25.535,89.305,13.75,19.414,1.828,409.76
2021-03-31,1284.81,245.1720936,273.13,534.13,320.88,-5.622,30.64,-0.026,50.949,14.358,71.812,0.993,93.371,10.408,36.545,1.956,427.5
2021-04-30,1386.35,268.233868,280.95,543.4,345.5,2.863,28.292,9.406,82.584,7.903,103.881,1.736,92.695,7.673,56.775,1.934,444.45
2021-05-31,1574.67,305.3106504,297.25,574.63,378.13,5.802,44.461,13.823,112.16,13.584,129.953,5.747,118.49,9.444,70.176,1.933,476.38
2021-06-30,1518.16,292.5593552,285.55,604.75,462.5,-3.936,43.915,-4.176,97.691,-3.589,100.892,5.242,121.52,22.312,104.42,2.118,533.62
2021-07-31,1468.34,278.4341168,294.27,613.0,633.0,3.054,32.476,-4.828,82.514,-3.282,78.824,1.364,100.918,36.865,166.526,2.083,623.0
2021-08-31,1433.94,256.6124344,324.52,603.13,695.0,10.28,45.525,-7.837,71.828,-2.343,65.402,-1.61,76.416,9.795,189.126,1.859,649.07
2021-09-30,1398.75,235.61748,337.55,643.75,736.25,4.015,36.285,-8.182,41.868,-2.454,54.411,6.735,79.628,5.935,197.175,1.907,690.0
2021-10-31,1483.52,239.6487632,354.67,672.9,782.0,5.072,30.221,1.711,28.329,6.06,62.174,4.528,88.435,6.214,206.667,1.897,727.45
2021-11-30,1442.96,248.7191504,379.45,726.69,806.88,6.987,38.993,3.785,30.646,-2.734,48.166,7.994,102.066,3.182,222.752,1.915,766.79
2021-12-31,1411.21,264.5372128,376.81,745.0,807.5,-0.696,40.313,6.36,33.088,-2.2,37.519,2.52,91.763,0.077,227.812,1.977,776.25
2022-01-31,1469.56,276.6231888,374.24,699.38,785.63,-0.682,29.361,4.569,17.979,4.135,33.758,-6.123,66.005,-2.708,207.487,1.869,742.5
2022-02-28,1595.74,292.622344,390.5,747.13,791.88,4.345,34.934,5.784,19.323,8.586,42.033,6.827,41.266,0.796,172.47,1.913,769.5
2022-03-31,1956.88,335.5295272,486.3,938.13,977.5,24.533,78.047,14.663,36.855,22.632,52.309,25.564,75.637,23.44,204.631,1.929,957.82
2022-04-30,1947.51,348.1666552,495.28,954.0,1202.0,1.847,76.288,3.766,29.8,-0.479,40.478,1.692,75.561,22.967,247.902,1.926,1078.0
2022-05-31,1962.88,344.8400592,522.29,842.5,1170.0,5.453,75.707,-0.955,12.947,0.789,24.653,-11.688,46.616,-2.662,209.417,1.613,1006.25
2022-06-30,1751.76,335.7145568,459.59,783.75,1101.88,-12.005,60.949,-2.646,14.751,-10.756,15.387,-6.973,29.599,-5.822,138.244,1.705,942.82
2022-07-31,1533.4,322.9671984,382.5,784.0,1013.0,-16.774,29.983,-3.797,15.994,-12.465,4.431,0.032,27.896,-8.066,60.032,2.05,898.5
2022-08-31,1598.78,289.8350896,382.86,749.38,888.75,0.094,17.977,-10.259,12.947,4.264,11.496,-4.416,24.249,-12.266,27.878,1.957,819.06
2022-09-30,1548.32,312.6567192,419.14,752.0,731.0,9.476,24.171,7.874,32.697,-3.156,10.693,0.35,16.816,-17.75,-0.713,1.794,741.5
2022-10-31,1575.9,343.5566624,437.95,725.0,622.5,4.488,23.481,9.883,43.358,1.781,6.227,-3.59,7.743,-14.843,-20.396,1.655,673.75
2022-11-30,1651.6,320.9200624,422.68,665.63,563.13,-3.487,11.393,-6.589,29.029,4.804,14.459,-8.189,-8.402,-9.537,-30.209,1.575,614.38
2022-12-31,1409.24,302.24782,386.33,625.0,513.75,-8.6,2.526,-5.818,14.255,-14.674,-0.14,-6.104,-16.107,-8.769,-36.378,1.618,569.38
2023-01-31,1351.77,302.7753512,380.36,631.0,508.75,-1.545,1.635,0.175,9.454,-4.078,-8.015,0.96,-9.777,-0.973,-35.243,1.659,569.88
2023-02-28,1243.01,298.1771688,394.75,612.5,496.88,3.783,1.088,-1.519,1.898,-8.046,-22.104,-2.932,-18.02,-2.333,-37.253,1.552,554.69
2023-03-31,1113.19,282.4890208,369.86,606.0,453.0,-6.305,-23.944,-5.261,-15.808,-10.444,-43.114,-1.061,-35.403,-8.831,-53.657,1.638,529.5
2023-04-30,1029.97,291.1145496,378.18,637.0,407.5,2.249,-23.643,3.053,-16.386,-7.476,-47.113,5.116,-33.229,-10.044,-66.098,1.684,522.25
2023-05-31,988.32,268.135448,367.74,510.0,372.5,-2.761,-29.591,-7.893,-22.244,-4.044,-49.649,-19.937,-39.466,-8.589,-68.162,1.387,441.25
2023-06-30,1007.12,266.8677984,345.5,454.55,328.0,-6.048,-24.824,-0.473,-20.508,1.902,-42.508,-10.873,-42.003,-11.946,-70.233,1.316,391.28
2023-07-31,1135.74,242.3848392,345.5,458.75,341.25,0.0,-9.673,-9.174,-24.951,12.771,-25.933,0.924,-41.486,4.04,-66.313,1.328,400.0
2023-08-31,1126.53,207.607148,315.82,528.75,353.13,-8.59,-17.51,-14.348,-28.371,-0.811,-29.538,15.259,-29.442,3.481,-60.267,1.674,440.94
2023-09-30,1111.63,223.80708,314.68,527.9,352.0,-0.361,-24.922,7.803,-28.418,-1.323,-28.204,-0.161,-29.801,-0.32,-51.847,1.678,439.95
2023-10-31,1133.87,230.69648,298.1,534.75,341.88,-5.269,-31.933,3.078,-32.851,2.001,-28.049,1.298,-26.241,-2.875,-45.08,1.794,438.32
2023-11-30,1118.39,211.2604984,283.55,535.63,331.88,-4.881,-32.916,-8.425,-34.17,-1.365,-32.284,0.165,-19.53,-2.925,-41.065,1.889,433.76
2023-12-31,1062.48,206.54803944445,291.12,563.75,311.88,2.67,-24.645,-2.231,-31.663,-4.999,-24.606,5.25,-9.8,-6.026,-39.293,1.936,437.82
2024-01-31,971.46,198.62480884615,283.91,596.25,296.25,-2.477,-25.358,-3.836,-34.399,-8.567,-28.134,5.765,-5.507,-5.012,-41.769,2.1,446.25
2024-02-29,911.9,189.128793,278.5,583.81,289.38,-1.906,-29.449,-4.781,-36.572,-6.131,-26.638,-2.086,-4.684,-2.319,-41.761,2.096,436.6
2024-03-31,964.95,190.56700446,274.83,617.5,300.5,-1.318,-25.694,0.76,-32.54,5.818,-13.317,5.771,1.898,3.843,-33.664,2.247,459.0
2024-04-30,958.56,191.65107888889,272.3,545.0,305.0,-0.921,-27.997,0.569,-34.166,-0.662,-6.933,-11.741,-14.443,1.498,-25.153,2.001,425.0
2024-05-31,988.0,197.79344375,289.42,522.0,307.0,6.287,-21.298,3.205,-26.234,3.071,-0.032,-4.22,2.353,0.656,-17.584,1.804,414.5
2024-06-30,1010.68,192.506708,265.55,543.0,310.0,-8.248,-23.14,-2.673,-27.864,2.296,0.353,4.023,19.459,0.977,-5.488,2.045,426.5
2024-07-31,1079.02,177.42921392,260.26,539.4,300.63,-1.992,-24.671,-7.832,-26.799,6.762,-4.994,-0.663,17.58,-3.023,-11.903,2.073,420.02
2024-08-31,1031.38,170.32475727273,250.85,546.0,294.0,-3.616,-20.572,-4.004,-17.958,-4.415,-8.446,1.224,3.262,-2.205,-16.745,2.177,420.0
2024-09-30,1043.81,184.9671542069,269.69,554.75,286.88,7.51,-14.297,8.597,-17.354,1.205,-6.101,1.603,5.086,-2.422,-18.5,2.057,420.82
2024-10-31,1094.89,190.33572173913,272.85,573.44,278.13,1.172,-8.47,2.902,-17.495,4.894,-3.438,3.369,7.235,-3.05,-18.647,2.102,425.78
2024-11-30,1145.17057,201.33106,253.75,574.5,281.0,-7.0,-10.51,5.777,-4.7,4.592,2.395,0.185,7.257,1.032,-15.331,2.264,427.75
2024-12-31,1063.63100601493,202.59757,252.17,568.33,292.5,-0.623,-13.379,0.629,-1.913,-7.12,0.108,-1.074,0.812,4.093,-6.214,2.254,430.42
